port,duration,pkt_size,rate,mbps,mpps,loss
0,60,64,1.0000,179.4201,0.3738,0.0009
1,60,64,1.0000,179.4185,0.3738,0.0019
2,60,64,1.0000,179.4223,0.3738,0.0000
3,60,64,1.0000,179.4177,0.3738,0.0025
0,60,64,2.0000,352.8393,0.7351,0.0059
1,60,64,2.0000,352.8624,0.7351,0.0000
2,60,64,2.0000,352.8546,0.7351,0.0024
3,60,64,2.0000,352.8622,0.7351,0.0000
0,60,64,3.0000,538.1028,1.1210,0.0300
1,60,64,3.0000,538.2238,1.1213,0.0097
2,60,64,3.0000,538.1893,1.1212,0.0173
3,60,64,3.0000,538.2712,1.1214,0.0017
0,60,64,4.0000,717.2845,1.4943,0.0440
1,60,64,4.0000,716.6179,1.4930,0.0489
2,60,64,4.0000,717.6012,1.4950,0.0188
3,60,64,4.0000,715.5332,1.4907,0.0308
0,60,64,5.0000,875.7667,1.8245,0.1199
1,60,64,5.0000,876.0916,1.8252,0.0994
2,60,64,5.0000,881.8728,1.8372,0.0095
3,60,64,5.0000,881.6117,1.8367,0.0394
0,60,64,6.0000,1057.7021,2.2035,1.4488
1,60,64,6.0000,1072.4103,2.2342,0.1518
2,60,64,6.0000,1075.6627,2.2410,0.0351
3,60,64,6.0000,1071.5033,2.2323,0.0299
0,60,64,7.0000,1042.4470,2.1718,16.7094
1,60,64,7.0000,1038.5880,2.1637,17.0224
2,60,64,7.0000,1241.6390,2.5867,0.0287
3,60,64,7.0000,1242.8995,2.5894,0.0527
0,60,64,8.0000,1107.0475,2.3063,21.2967
1,60,64,8.0000,1127.6233,2.3492,19.8277
2,60,64,8.0000,1397.1711,2.9108,0.0467
3,60,64,8.0000,1399.0292,2.9146,0.0630
0,60,64,9.0000,994.5612,2.0720,38.2345
1,60,64,9.0000,999.6489,2.0826,37.8968
2,60,64,9.0000,1603.8241,3.3413,0.0537
3,60,64,9.0000,1606.8797,3.3477,0.0891
0,60,64,10.0000,1014.7195,2.1140,43.2202
1,60,64,10.0000,1017.8981,2.1206,43.0367
2,60,64,10.0000,1790.1588,3.7295,0.0883
3,60,64,10.0000,1781.1931,3.7108,0.0655
0,60,64,11.0000,948.5845,1.9762,50.8713
1,60,64,11.0000,965.5860,2.0116,49.9702
2,60,64,11.0000,1933.9913,4.0291,0.0749
3,60,64,11.0000,1926.2570,4.0130,0.0773
0,60,64,12.0000,1132.4673,2.3593,47.1154
1,60,64,12.0000,1120.7081,2.3348,47.6587
2,60,64,12.0000,2141.4087,4.4613,0.0797
3,60,64,12.0000,1957.9714,4.0791,8.3653
0,60,64,13.0000,1110.3018,2.3131,52.1273
1,60,64,13.0000,1143.1574,2.3816,50.6786
2,60,64,13.0000,2085.2060,4.3442,9.8555
3,60,64,13.0000,2109.2926,4.3944,8.8630
0,60,128,1.0000,206.9510,0.2086,0.0000
1,60,128,1.0000,206.9520,0.2086,0.0000
2,60,128,1.0000,206.9523,0.2086,0.0000
3,60,128,1.0000,206.9523,0.2086,0.0000
0,60,128,2.0000,420.9066,0.4243,0.0000
1,60,128,2.0000,420.9076,0.4243,0.0000
2,60,128,2.0000,420.8729,0.4243,0.0078
3,60,128,2.0000,420.9005,0.4243,0.0000
0,60,128,3.0000,631.2728,0.6364,0.0050
1,60,128,3.0000,631.2897,0.6364,0.0029
2,60,128,3.0000,631.1547,0.6362,0.0245
3,60,128,3.0000,631.3038,0.6364,0.0010
0,60,128,4.0000,841.6627,0.8485,0.0000
1,60,128,4.0000,841.4978,0.8483,0.0202
2,60,128,4.0000,841.6227,0.8484,0.0054
3,60,128,4.0000,841.5973,0.8484,0.0085
0,60,128,5.0000,1051.8618,1.0603,0.0310
1,60,128,5.0000,1052.1188,1.0606,0.0138
2,60,128,5.0000,1052.2209,1.0607,0.0046
3,60,128,5.0000,1052.2633,1.0607,0.0000
0,60,128,6.0000,1241.3387,1.2513,0.0066
1,60,128,6.0000,1240.6932,1.2507,0.0607
2,60,128,6.0000,1241.2173,1.2512,0.0216
3,60,128,6.0000,1241.4437,1.2515,0.0029
0,60,128,7.0000,1471.0382,1.4829,0.0672
1,60,128,7.0000,1471.8650,1.4837,0.0364
2,60,128,7.0000,1472.2077,1.4841,0.0304
3,60,128,7.0000,1467.5593,1.4794,0.0234
0,60,128,8.0000,1678.9753,1.6925,0.1223
1,60,128,8.0000,1679.5008,1.6930,0.1139
2,60,128,8.0000,1683.0843,1.6967,0.0223
3,60,128,8.0000,1682.8843,1.6965,0.0150
0,60,128,9.0000,1846.6300,1.8615,0.2065
1,60,128,9.0000,1847.8188,1.8627,0.0784
2,60,128,9.0000,1861.0326,1.8760,0.0359
3,60,128,9.0000,1861.3871,1.8764,0.0169
0,60,128,10.0000,2088.1977,2.1050,0.5892
1,60,128,10.0000,2097.2347,2.1141,0.0710
2,60,128,10.0000,2103.5981,2.1206,0.0221
3,60,128,10.0000,2102.7684,2.1197,0.0351
0,60,128,11.0000,2300.6952,2.3192,0.4211
1,60,128,11.0000,2303.9627,2.3225,0.2402
2,60,128,11.0000,2310.5720,2.3292,0.0315
3,60,128,11.0000,2309.5764,2.3282,0.0449
0,60,128,12.0000,2382.3799,2.4016,3.7657
1,60,128,12.0000,2446.5758,2.4663,1.2819
2,60,128,12.0000,2461.5012,2.4814,0.0868
3,60,128,12.0000,2467.4447,2.4873,0.0480
0,60,128,13.0000,2337.0187,2.3559,14.2837
1,60,128,13.0000,2392.2936,2.4116,12.2449
2,60,128,13.0000,2705.7912,2.7276,0.0511
3,60,128,13.0000,2721.9331,2.7439,0.0541
0,60,128,14.0000,2057.5066,2.0741,29.9126
1,60,128,14.0000,2140.0727,2.1573,27.0880
2,60,128,14.0000,2913.6595,2.9372,0.0682
3,60,128,14.0000,2918.1671,2.9417,0.0443
0,60,128,15.0000,2099.8413,2.1168,32.1113
1,60,128,15.0000,2074.9255,2.0917,32.9300
2,60,128,15.0000,3051.4252,3.0760,0.1113
3,60,128,15.0000,3085.5288,3.1104,0.0563
0,60,128,16.0000,2124.7339,2.1419,36.6857
1,60,128,16.0000,2117.7704,2.1348,36.9096
2,60,128,16.0000,3348.9469,3.3760,0.0578
3,60,128,16.0000,3354.5968,3.3816,0.0765
0,60,128,17.0000,2126.9730,2.1441,40.3201
1,60,128,17.0000,2119.1364,2.1362,40.5494
2,60,128,17.0000,3570.5540,3.5993,0.0721
3,60,128,17.0000,3558.6325,3.5873,0.0723
0,60,128,18.0000,2310.4395,2.3291,37.6658
1,60,128,18.0000,2278.0702,2.2964,38.5182
2,60,128,18.0000,3714.2771,3.7442,0.0645
3,60,128,18.0000,3702.9382,3.7328,0.0511
0,60,128,19.0000,2247.3917,2.2655,43.5476
1,60,128,19.0000,2315.0032,2.3337,41.7968
2,60,128,19.0000,3986.9674,4.0191,0.0775
3,60,128,19.0000,3979.4716,4.0116,0.0827
0,60,128,20.0000,2364.1325,2.3832,43.5105
1,60,128,20.0000,2342.1614,2.3610,44.0476
2,60,128,20.0000,4190.6370,4.2244,0.1048
3,60,128,20.0000,4182.1328,4.2159,0.0683
0,60,128,21.0000,2267.4633,2.2857,47.5460
1,60,128,21.0000,2273.1645,2.2915,47.3901
2,60,128,21.0000,4319.8324,4.3547,0.1207
3,60,128,21.0000,3978.3890,4.0105,7.7417
0,60,256,1.0000,229.3554,0.1138,0.0000
1,60,256,1.0000,229.3554,0.1138,0.0000
2,60,256,1.0000,229.3557,0.1138,0.0000
3,60,256,1.0000,229.3557,0.1138,0.0000
0,60,256,2.0000,458.7128,0.2275,0.0000
1,60,256,2.0000,458.7106,0.2275,0.0000
2,60,256,2.0000,458.7130,0.2275,0.0000
3,60,256,2.0000,458.7109,0.2275,0.0000
0,60,256,3.0000,676.5763,0.3356,0.0000
1,60,256,3.0000,676.5762,0.3356,0.0000
2,60,256,3.0000,676.5666,0.3356,0.0017
3,60,256,3.0000,676.5741,0.3356,0.0006
0,60,256,4.0000,917.3323,0.4550,0.0005
1,60,256,4.0000,917.3108,0.4550,0.0028
2,60,256,4.0000,917.3417,0.4550,0.0000
3,60,256,4.0000,917.3395,0.4550,0.0000
0,60,256,5.0000,1146.6536,0.5688,0.0004
1,60,256,5.0000,1146.6214,0.5688,0.0032
2,60,256,5.0000,1146.6579,0.5688,0.0002
3,60,256,5.0000,1146.6237,0.5688,0.0032
0,60,256,6.0000,1352.9693,0.6711,0.0111
1,60,256,6.0000,1352.9780,0.6711,0.0105
2,60,256,6.0000,1353.0987,0.6712,0.0016
3,60,256,6.0000,1353.0363,0.6711,0.0048
0,60,256,7.0000,1605.2092,0.7962,0.0092
1,60,256,7.0000,1605.2565,0.7963,0.0066
2,60,256,7.0000,1605.2570,0.7963,0.0067
3,60,256,7.0000,1605.3341,0.7963,0.0020
0,60,256,8.0000,1834.4375,0.9099,0.0028
1,60,256,8.0000,1834.4761,0.9100,0.0011
2,60,256,8.0000,1834.2739,0.9099,0.0126
3,60,256,8.0000,1834.5045,0.9100,0.0000
0,60,256,9.0000,2029.0271,1.0065,0.0117
1,60,256,9.0000,2029.0791,1.0065,0.0105
2,60,256,9.0000,2029.3030,1.0066,0.0000
3,60,256,9.0000,2029.0640,1.0065,0.0117
0,60,256,10.0000,2292.3695,1.1371,0.0173
1,60,256,10.0000,2292.3411,1.1371,0.0179
2,60,256,10.0000,2292.5889,1.1372,0.0098
3,60,256,10.0000,2292.6944,1.1372,0.0048
0,60,256,11.0000,2521.3441,1.2507,0.0104
1,60,256,11.0000,2521.0775,1.2505,0.0223
2,60,256,11.0000,2521.2326,1.2506,0.0215
3,60,256,11.0000,2521.2786,1.2506,0.0162
0,60,256,12.0000,2704.1410,1.3413,0.0337
1,60,256,12.0000,2703.4851,1.3410,0.0361
2,60,256,12.0000,2704.4337,1.3415,0.0411
3,60,256,12.0000,2703.5404,1.3410,0.0118
0,60,256,13.0000,2976.9750,1.4767,0.0920
1,60,256,13.0000,2977.3363,1.4769,0.0844
2,60,256,13.0000,2980.5235,1.4784,0.0177
3,60,256,13.0000,2974.1905,1.4753,0.0071
0,60,256,14.0000,3202.2037,1.5884,0.0637
1,60,256,14.0000,3201.4472,1.5880,0.1125
2,60,256,14.0000,3209.9261,1.5922,0.0182
3,60,256,14.0000,3208.7197,1.5916,0.0157
0,60,256,15.0000,3364.3275,1.6688,0.0584
1,60,256,15.0000,3364.7605,1.6690,0.0967
2,60,256,15.0000,3380.9583,1.6771,0.0296
3,60,256,15.0000,3380.4105,1.6768,0.0293
0,60,256,16.0000,3641.1677,1.8061,0.0713
1,60,256,16.0000,3639.9305,1.8055,0.0860
2,60,256,16.0000,3665.7442,1.8183,0.0460
3,60,256,16.0000,3666.4533,1.8187,0.0271
0,60,256,17.0000,3871.9400,1.9206,0.1204
1,60,256,17.0000,3871.0965,1.9202,0.1311
2,60,256,17.0000,3894.7619,1.9319,0.0308
3,60,256,17.0000,3894.0372,1.9316,0.0321
0,60,256,18.0000,4029.6152,1.9988,0.4508
1,60,256,18.0000,4044.5455,2.0062,0.0776
2,60,256,18.0000,4056.1192,2.0120,0.0132
3,60,256,18.0000,4054.2134,2.0110,0.0384
0,60,256,19.0000,4317.8183,2.1418,0.7014
1,60,256,19.0000,4302.7332,2.1343,1.0525
2,60,256,19.0000,4337.4947,2.1515,0.0659
3,60,256,19.0000,4338.2048,2.1519,0.0431
0,60,256,20.0000,4562.7703,2.2633,0.2734
1,60,256,20.0000,4568.2066,2.2660,0.1659
2,60,256,20.0000,4529.9512,2.2470,0.0239
3,60,256,20.0000,4533.4349,2.2487,0.0446
0,60,256,21.0000,4776.5868,2.3693,0.6117
1,60,256,21.0000,4785.5475,2.3738,0.4702
2,60,256,21.0000,4736.8091,2.3496,0.0156
3,60,256,21.0000,4762.3602,2.3623,0.0525
0,60,256,22.0000,4899.6119,2.4304,2.5809
1,60,256,22.0000,4953.2551,2.4570,1.5741
2,60,256,22.0000,4976.2270,2.4684,0.0054
3,60,256,22.0000,4995.9278,2.4781,0.0525
0,60,256,23.0000,4692.0669,2.3274,9.0936
1,60,256,23.0000,4813.3157,2.3876,6.7463
2,60,256,23.0000,5112.0249,2.5357,0.0626
3,60,256,23.0000,5126.1606,2.5427,0.0521
0,60,256,24.0000,4284.9021,2.1254,21.8499
1,60,256,24.0000,4462.7122,2.2136,18.5912
2,60,256,24.0000,5433.0160,2.6949,0.0211
3,60,256,24.0000,5472.8072,2.7147,0.0555
0,60,256,25.0000,4777.0814,2.3696,16.3169
1,60,256,25.0000,4869.2604,2.4153,14.6903
2,60,256,25.0000,5665.8646,2.8104,0.0566
3,60,256,25.0000,5677.4128,2.8162,0.0501
0,60,256,26.0000,4578.0382,2.2709,21.5458
1,60,256,26.0000,4706.4838,2.3346,19.3280
2,60,256,26.0000,5795.2132,2.8746,0.0544
3,60,256,26.0000,5800.6637,2.8773,0.0522
0,60,256,27.0000,4635.8302,2.2995,24.7762
1,60,256,27.0000,4879.6125,2.4204,20.8038
2,60,256,27.0000,6121.0431,3.0362,0.1344
3,60,256,27.0000,6146.7597,3.0490,0.0587
0,60,256,28.0000,4681.8810,2.3224,26.7088
1,60,256,28.0000,4854.4012,2.4079,23.9945
2,60,256,28.0000,6358.7310,3.1541,0.0678
3,60,256,28.0000,6380.0285,3.1647,0.0765
0,60,256,29.0000,4695.7118,2.3292,27.7908
1,60,256,29.0000,4950.6617,2.4557,23.8424
2,60,256,29.0000,6493.3052,3.2209,0.0999
3,60,256,29.0000,6502.5552,3.2255,0.0563
0,60,256,30.0000,4578.2862,2.2710,33.1183
1,60,256,30.0000,4810.6018,2.3862,29.7058
2,60,256,30.0000,6852.9380,3.3993,0.0816
3,60,256,30.0000,6845.4621,3.3956,0.0621
0,60,256,31.0000,4657.5578,2.3103,34.1329
1,60,256,31.0000,4931.7166,2.4463,30.2264
2,60,256,31.0000,7094.5677,3.5191,0.0457
3,60,256,31.0000,7036.8950,3.4905,0.6727
0,60,256,32.0000,4626.8673,2.2951,35.4382
1,60,256,32.0000,4763.5537,2.3629,33.5647
2,60,256,32.0000,7192.3459,3.5676,0.0922
3,60,256,32.0000,7173.9638,3.5585,0.0685
0,60,256,33.0000,4768.9443,2.3655,36.5653
1,60,256,33.0000,5024.2511,2.4922,33.1885
2,60,256,33.0000,7363.3484,3.6525,2.4225
3,60,256,33.0000,7414.3975,3.6778,1.4614
0,60,512,1.0000,239.8694,0.0590,0.0000
1,60,512,1.0000,239.8694,0.0590,0.0000
2,60,512,1.0000,239.8697,0.0590,0.0000
3,60,512,1.0000,239.8653,0.0590,0.0000
0,60,512,2.0000,471.7277,0.1161,0.0000
1,60,512,2.0000,471.7234,0.1161,0.0000
2,60,512,2.0000,471.7237,0.1161,0.0000
3,60,512,2.0000,471.7193,0.1161,0.0000
0,60,512,3.0000,719.5644,0.1771,0.0000
1,60,512,3.0000,719.5644,0.1771,0.0000
2,60,512,3.0000,719.5690,0.1771,0.0000
3,60,512,3.0000,719.5647,0.1771,0.0000
0,60,512,4.0000,959.4120,0.2361,0.0000
1,60,512,4.0000,959.4120,0.2361,0.0000
2,60,512,4.0000,959.4166,0.2361,0.0000
3,60,512,4.0000,959.4122,0.2361,0.0000
0,60,512,5.0000,1179.2117,0.2902,0.0006
1,60,512,5.0000,1179.2191,0.2902,0.0000
2,60,512,5.0000,1178.9767,0.2901,0.0205
3,60,512,5.0000,1179.2194,0.2902,0.0000
0,60,512,6.0000,1439.0435,0.3541,0.0044
1,60,512,6.0000,1439.1114,0.3541,0.0000
2,60,512,6.0000,1439.0943,0.3541,0.0012
3,60,512,6.0000,1439.1118,0.3541,0.0000
0,60,512,7.0000,1678.8458,0.4131,0.0008
1,60,512,7.0000,1678.8592,0.4131,0.0000
2,60,512,7.0000,1678.8594,0.4131,0.0000
3,60,512,7.0000,1678.8384,0.4131,0.0012
0,60,512,8.0000,1886.6020,0.4642,0.0014
1,60,512,8.0000,1886.4764,0.4642,0.0085
2,60,512,8.0000,1886.6107,0.4642,0.0016
3,60,512,8.0000,1886.6136,0.4642,0.0014
0,60,512,9.0000,2158.3460,0.5311,0.0016
1,60,512,9.0000,2158.2418,0.5311,0.0068
2,60,512,9.0000,2158.2723,0.5311,0.0058
3,60,512,9.0000,2158.3895,0.5311,0.0000
0,60,512,10.0000,2398.1366,0.5901,0.0058
1,60,512,10.0000,2398.2805,0.5901,0.0000
2,60,512,10.0000,2398.1461,0.5901,0.0059
3,60,512,10.0000,2398.2425,0.5901,0.0017
0,60,512,11.0000,2594.1345,0.6383,0.0061
1,60,512,11.0000,2594.2876,0.6384,0.0029
2,60,512,11.0000,2594.3058,0.6384,0.0023
3,60,512,11.0000,2594.3627,0.6384,0.0000
0,60,512,12.0000,2878.1575,0.7082,0.0000
1,60,512,12.0000,2878.0880,0.7082,0.0024
2,60,512,12.0000,2878.0686,0.7082,0.0032
3,60,512,12.0000,2877.9610,0.7082,0.0068
0,60,512,13.0000,3117.0963,0.7670,0.0147
1,60,512,13.0000,3117.0509,0.7670,0.0170
2,60,512,13.0000,3117.0927,0.7670,0.0167
3,60,512,13.0000,3117.5326,0.7671,0.0029
0,60,512,14.0000,3301.6976,0.8124,0.0051
1,60,512,14.0000,3301.5026,0.8124,0.0119
2,60,512,14.0000,3301.7543,0.8124,0.0047
3,60,512,14.0000,3301.8629,0.8125,0.0000
0,60,512,15.0000,3596.9941,0.8851,0.0133
1,60,512,15.0000,3597.4397,0.8852,0.0022
2,60,512,15.0000,3596.7941,0.8850,0.0206
3,60,512,15.0000,3597.3876,0.8852,0.0040
0,60,512,16.0000,3837.3082,0.9442,0.0043
1,60,512,16.0000,3837.0227,0.9441,0.0117
2,60,512,16.0000,3836.6936,0.9441,0.0208
3,60,512,16.0000,3837.4915,0.9443,0.0000
0,60,512,17.0000,4008.1570,0.9863,0.0182
1,60,512,17.0000,4007.7542,0.9862,0.0282
2,60,512,17.0000,4008.8382,0.9864,0.0013
3,60,512,17.0000,4008.8812,0.9864,0.0002
0,60,512,18.0000,4315.8552,1.0620,0.0155
1,60,512,18.0000,4315.2787,1.0618,0.0286
2,60,512,18.0000,4316.2500,1.0621,0.0066
3,60,512,18.0000,4316.0810,1.0620,0.0104
0,60,512,19.0000,4556.5871,1.1212,0.0117
1,60,512,19.0000,4555.8285,1.1210,0.0297
2,60,512,19.0000,4557.0555,1.1213,0.0043
3,60,512,19.0000,4557.1509,1.1213,0.0012
0,60,512,20.0000,4713.5941,1.1598,0.0246
1,60,512,20.0000,4714.1793,1.1600,0.0188
2,60,512,20.0000,4715.1376,1.1602,0.0061
3,60,512,20.0000,4714.9990,1.1602,0.0018
0,60,512,21.0000,5034.6782,1.2388,0.0275
1,60,512,21.0000,5032.6406,1.2383,0.0686
2,60,512,21.0000,5035.9963,1.2392,0.0092
3,60,512,21.0000,5032.9664,1.2384,0.0000
0,60,512,22.0000,5273.5016,1.2976,0.0349
1,60,512,22.0000,5269.7573,1.2967,0.1071
2,60,512,22.0000,5275.3063,1.2981,0.0123
3,60,512,22.0000,5271.7389,1.2972,0.0000
0,60,512,23.0000,5417.2987,1.3330,0.0603
1,60,512,23.0000,5420.2532,1.3337,0.0117
2,60,512,23.0000,5422.6897,1.3343,0.0026
3,60,512,23.0000,5416.2775,1.3327,0.0234
0,60,512,24.0000,5746.8677,1.4141,0.0557
1,60,512,24.0000,5747.1939,1.4142,0.0524
2,60,512,24.0000,5753.0246,1.4156,0.0295
3,60,512,24.0000,5749.2273,1.4147,0.0170
0,60,512,25.0000,5981.7693,1.4719,0.0851
1,60,512,25.0000,5980.7775,1.4716,0.1038
2,60,512,25.0000,5994.0686,1.4749,0.0265
3,60,512,25.0000,5991.6888,1.4743,0.0198
0,60,512,26.0000,6112.3739,1.5040,0.1046
1,60,512,26.0000,6111.6880,1.5039,0.1173
2,60,512,26.0000,6127.5282,1.5078,0.0571
3,60,512,26.0000,6128.8349,1.5081,0.0308
0,60,512,27.0000,6451.2823,1.5874,0.0769
1,60,512,27.0000,6450.7671,1.5873,0.0855
2,60,512,27.0000,6473.1697,1.5928,0.0257
3,60,512,27.0000,6473.3412,1.5928,0.0225
0,60,512,28.0000,6686.0797,1.6452,0.0915
1,60,512,28.0000,6685.9099,1.6452,0.1067
2,60,512,28.0000,6712.8005,1.6518,0.0109
3,60,512,28.0000,6712.0331,1.6516,0.0225
0,60,512,29.0000,6929.3215,1.7050,0.1173
1,60,512,29.0000,6931.6450,1.7056,0.0743
2,60,512,29.0000,6952.9644,1.7109,0.0257
3,60,512,29.0000,6953.3201,1.7110,0.0208
0,60,512,30.0000,7174.6787,1.7654,0.1030
1,60,512,30.0000,7170.9290,1.7645,0.1546
2,60,512,30.0000,7189.5608,1.7691,0.0161
3,60,512,30.0000,7188.1419,1.7687,0.0365
0,60,512,31.0000,7276.4196,1.7905,0.3100
1,60,512,31.0000,7282.2588,1.7919,0.2271
2,60,512,31.0000,7298.4803,1.7959,0.0253
3,60,512,31.0000,7299.6583,1.7962,0.0112
0,60,512,32.0000,7630.6661,1.8776,0.3884
1,60,512,32.0000,7654.2135,1.8834,0.0805
2,60,512,32.0000,7651.2703,1.8827,0.0078
3,60,512,32.0000,7650.4189,1.8825,0.0306
0,60,512,33.0000,7892.2350,1.9420,0.0986
1,60,512,33.0000,7868.5844,1.9362,0.3971
2,60,512,33.0000,7877.1549,1.9383,0.0175
3,60,512,33.0000,7883.1718,1.9398,0.0253
0,60,512,34.0000,7997.5019,1.9679,0.1347
1,60,512,34.0000,8001.3548,1.9688,0.0867
2,60,512,34.0000,7991.4888,1.9664,0.0051
3,60,512,34.0000,7993.0969,1.9668,0.0263
0,60,512,35.0000,8373.5609,2.0604,0.1403
1,60,512,35.0000,8329.9948,2.0497,0.6593
2,60,512,35.0000,8355.7446,2.0560,0.0482
3,60,512,35.0000,8360.7342,2.0573,0.0285
0,60,512,36.0000,8591.4189,2.1140,0.3456
1,60,512,36.0000,8607.4392,2.1180,0.1643
2,60,512,36.0000,8604.6564,2.1173,0.0276
3,60,512,36.0000,8605.4801,2.1175,0.0292
0,60,512,37.0000,8661.1974,2.1312,0.6382
1,60,512,37.0000,8687.6036,2.1377,0.3454
2,60,512,37.0000,8694.6968,2.1394,0.0554
3,60,512,37.0000,8696.1149,2.1398,0.0474
0,60,512,38.0000,9000.8536,2.2148,1.1129
1,60,512,38.0000,9038.7187,2.2241,0.7021
2,60,512,38.0000,9082.1803,2.2348,0.0218
3,60,512,38.0000,9082.3272,2.2348,0.0287
0,60,512,39.0000,9249.6464,2.2760,0.9444
1,60,512,39.0000,9273.6490,2.2819,0.7132
2,60,512,39.0000,9313.8861,2.2918,0.0265
3,60,512,39.0000,9328.2304,2.2953,0.0279
0,60,512,40.0000,9130.6180,2.2467,2.9802
1,60,512,40.0000,9036.0861,2.2234,4.0261
2,60,512,40.0000,9397.3470,2.3123,0.0149
3,60,512,40.0000,9401.7155,2.3134,0.0479
0,60,512,41.0000,9232.2305,2.2717,5.8959
1,60,512,41.0000,9577.2028,2.3566,2.4075
2,60,512,41.0000,9800.8811,2.4116,0.0259
3,60,512,41.0000,9799.9719,2.4114,0.0576
0,60,512,42.0000,9093.6740,2.2376,9.5176
1,60,512,42.0000,9865.4671,2.4275,1.8395
2,60,512,42.0000,10032.5933,2.4686,0.0519
3,60,512,42.0000,10034.5212,2.4691,0.0361
0,60,512,43.0000,9388.3255,2.3101,7.1977
1,60,512,43.0000,10017.5193,2.4649,0.9995
2,60,512,43.0000,10106.8228,2.4869,0.0421
3,60,512,43.0000,10107.2354,2.4870,0.0413
0,60,512,44.0000,9349.9527,2.3007,11.1488
1,60,512,44.0000,10026.7572,2.4672,4.7000
2,60,512,44.0000,10512.0454,2.5866,0.0482
3,60,512,44.0000,10512.0557,2.5866,0.0540
0,60,512,45.0000,9512.2363,2.3406,11.6532
1,60,512,45.0000,9992.3636,2.4588,7.1846
2,60,512,45.0000,10756.0805,2.6467,0.0582
3,60,512,45.0000,10760.5159,2.6478,0.0487
0,60,512,46.0000,9142.6202,2.2497,15.5085
1,60,512,46.0000,9850.6418,2.4239,8.9504
2,60,512,46.0000,10810.8015,2.6601,0.0729
3,60,512,46.0000,10816.6268,2.6616,0.0527
0,60,512,47.0000,9576.9688,2.3565,14.8352
1,60,512,47.0000,10148.5081,2.4972,9.7394
2,60,512,47.0000,11239.2576,2.7656,0.0631
3,60,512,47.0000,11242.0461,2.7663,0.0379
0,60,512,48.0000,9655.8385,2.3759,15.8764
1,60,512,48.0000,10017.0946,2.4648,12.7219
2,60,512,48.0000,11474.5746,2.8235,0.0538
3,60,512,48.0000,11474.7291,2.8235,0.0457
0,60,512,49.0000,9160.0439,2.2539,20.5243
1,60,512,49.0000,9688.1946,2.3839,15.9321
2,60,512,49.0000,11521.8594,2.8351,0.0609
3,60,512,49.0000,11523.7985,2.8356,0.0409
0,60,512,50.0000,9351.3093,2.3010,21.7987
1,60,512,50.0000,10032.3493,2.4686,16.0887
2,60,512,50.0000,11948.0329,2.9400,0.1019
3,60,512,50.0000,11951.8860,2.9409,0.0660
0,60,512,51.0000,9477.5339,2.3321,22.2640
1,60,512,51.0000,9980.5727,2.4558,18.1279
2,60,512,51.0000,12185.2366,2.9983,0.0695
3,60,512,51.0000,12187.1915,2.9988,0.0492
0,60,512,52.0000,9434.6183,2.3215,22.8492
1,60,512,52.0000,9963.3241,2.4516,18.5117
2,60,512,52.0000,12224.4411,3.0080,0.0674
3,60,512,52.0000,12224.9670,3.0081,0.0499
0,60,512,53.0000,9478.1757,2.3322,25.2044
1,60,512,53.0000,9946.1631,2.4474,21.5025
2,60,512,53.0000,12667.0093,3.1169,0.0851
3,60,512,53.0000,12668.6927,3.1173,0.0605
0,60,512,54.0000,9594.6293,2.3609,25.7198
1,60,512,54.0000,9867.4820,2.4280,23.6024
2,60,512,54.0000,12925.5576,3.1805,0.0724
3,60,512,54.0000,12924.2745,3.1802,0.0477
0,60,512,55.0000,9141.5074,2.2494,29.2807
1,60,512,55.0000,9828.5640,2.4184,23.9513
2,60,512,55.0000,12938.4868,3.1837,0.0659
3,60,512,55.0000,12924.4695,3.1802,0.0720
0,60,512,56.0000,9715.4786,2.3906,27.3903
1,60,512,56.0000,10169.3613,2.5023,23.9908
2,60,512,56.0000,13393.3997,3.2956,0.0859
3,60,512,56.0000,13369.6109,3.2898,0.0914
0,60,512,57.0000,9395.9367,2.3120,31.0804
1,60,512,57.0000,9992.1968,2.4587,26.6929
2,60,512,57.0000,13642.4372,3.3569,0.0840
3,60,512,57.0000,13621.8818,3.3518,0.0758
0,60,512,58.0000,9251.0389,2.2763,32.1425
1,60,512,58.0000,9611.6786,2.3651,29.4922
2,60,512,58.0000,13614.9385,3.3501,0.0937
3,60,512,58.0000,13615.2105,3.3502,0.0858
0,60,512,59.0000,9590.3857,2.3598,32.0003
1,60,512,59.0000,10025.8078,2.4670,28.9070
2,60,512,59.0000,14087.2152,3.4663,0.0992
3,60,512,59.0000,14088.8808,3.4668,0.0890
0,60,512,60.0000,9502.1631,2.3381,33.7350
1,60,512,60.0000,10166.2385,2.5015,29.0872
2,60,512,60.0000,14312.2121,3.5217,0.1553
3,60,512,60.0000,14319.9822,3.5236,0.1010
0,60,1024,1.0000,241.3273,0.0296,0.0000
1,60,1024,1.0000,241.3273,0.0296,0.0000
2,60,1024,1.0000,241.3276,0.0296,0.0000
3,60,1024,1.0000,241.3276,0.0296,0.0000
0,60,1024,2.0000,490.8449,0.0602,0.0000
1,60,1024,2.0000,490.8362,0.0602,0.0000
2,60,1024,2.0000,490.8278,0.0602,0.0000
3,60,1024,2.0000,490.8365,0.0602,0.0000
0,60,1024,3.0000,736.2629,0.0902,0.0000
1,60,1024,3.0000,736.2628,0.0902,0.0000
2,60,1024,3.0000,736.2631,0.0902,0.0000
3,60,1024,3.0000,736.2631,0.0902,0.0000
0,60,1024,4.0000,965.2912,0.1183,0.0000
1,60,1024,4.0000,965.2912,0.1183,0.0000
2,60,1024,4.0000,965.3002,0.1183,0.0000
3,60,1024,4.0000,965.3002,0.1183,0.0000
0,60,1024,5.0000,1227.0727,0.1504,0.0000
1,60,1024,5.0000,1227.0727,0.1504,0.0000
2,60,1024,5.0000,1227.0818,0.1504,0.0000
3,60,1024,5.0000,1227.0818,0.1504,0.0000
0,60,1024,6.0000,1472.5082,0.1805,0.0000
1,60,1024,6.0000,1472.4995,0.1805,0.0000
2,60,1024,6.0000,1472.5084,0.1805,0.0000
3,60,1024,6.0000,1472.5084,0.1805,0.0000
0,60,1024,7.0000,1689.1757,0.2070,0.0010
1,60,1024,7.0000,1689.2203,0.2070,0.0000
2,60,1024,7.0000,1689.2293,0.2070,0.0000
3,60,1024,7.0000,1689.2293,0.2070,0.0000
0,60,1024,8.0000,1963.2650,0.2406,0.0018
1,60,1024,8.0000,1963.2919,0.2406,0.0000
2,60,1024,8.0000,1963.2922,0.2406,0.0000
3,60,1024,8.0000,1963.2922,0.2406,0.0000
0,60,1024,9.0000,2208.7009,0.2707,0.0004
1,60,1024,9.0000,2208.6856,0.2707,0.0011
2,60,1024,9.0000,2208.7101,0.2707,0.0000
3,60,1024,9.0000,2208.7188,0.2707,0.0000
0,60,1024,10.0000,2454.1713,0.3008,0.0000
1,60,1024,10.0000,2454.1800,0.3008,0.0000
2,60,1024,10.0000,2454.1803,0.3008,0.0000
3,60,1024,10.0000,2454.1803,0.3008,0.0000
0,60,1024,11.0000,2699.5023,0.3308,0.0000
1,60,1024,11.0000,2699.5023,0.3308,0.0000
2,60,1024,11.0000,2699.4869,0.3308,0.0005
3,60,1024,11.0000,2699.4842,0.3308,0.0006
0,60,1024,12.0000,2895.6469,0.3549,0.0000
1,60,1024,12.0000,2895.6556,0.3549,0.0000
2,60,1024,12.0000,2895.6646,0.3549,0.0000
3,60,1024,12.0000,2895.5857,0.3549,0.0024
0,60,1024,13.0000,3189.4741,0.3909,0.0265
1,60,1024,13.0000,3190.2572,0.3910,0.0025
2,60,1024,13.0000,3190.2066,0.3910,0.0041
3,60,1024,13.0000,3190.3385,0.3910,0.0000
0,60,1024,14.0000,3435.5988,0.4210,0.0008
1,60,1024,14.0000,3435.6078,0.4210,0.0005
2,60,1024,14.0000,3435.6261,0.4210,0.0000
3,60,1024,14.0000,3435.6348,0.4210,0.0000
0,60,1024,15.0000,3619.3405,0.4435,0.0026
1,60,1024,15.0000,3619.4454,0.4436,0.0000
2,60,1024,15.0000,3619.4623,0.4436,0.0000
3,60,1024,15.0000,3619.2869,0.4435,0.0046
0,60,1024,16.0000,3926.1040,0.4811,0.0064
1,60,1024,16.0000,3926.3477,0.4812,0.0002
2,60,1024,16.0000,3926.3653,0.4812,0.0000
3,60,1024,16.0000,3926.3749,0.4812,0.0000
0,60,1024,17.0000,4171.6092,0.5112,0.0040
1,60,1024,17.0000,4171.5130,0.5112,0.0063
2,60,1024,17.0000,4171.7843,0.5112,0.0000
3,60,1024,17.0000,4171.7756,0.5112,0.0000
0,60,1024,18.0000,4343.2962,0.5323,0.0036
1,60,1024,18.0000,4343.4529,0.5323,0.0000
2,60,1024,18.0000,4343.1819,0.5323,0.0064
3,60,1024,18.0000,4343.3835,0.5323,0.0000
0,60,1024,19.0000,4662.0704,0.5713,0.0041
1,60,1024,19.0000,4662.2804,0.5714,0.0000
2,60,1024,19.0000,4662.1234,0.5713,0.0035
3,60,1024,19.0000,4662.1501,0.5713,0.0000
0,60,1024,20.0000,4907.7501,0.6014,0.0051
1,60,1024,20.0000,4907.9060,0.6015,0.0021
2,60,1024,20.0000,4907.9071,0.6015,0.0023
3,60,1024,20.0000,4908.0208,0.6015,0.0000
0,60,1024,21.0000,5066.9816,0.6210,0.0000
1,60,1024,21.0000,5066.3538,0.6209,0.0131
2,60,1024,21.0000,5066.9903,0.6210,0.0007
3,60,1024,21.0000,5066.9848,0.6210,0.0003
0,60,1024,22.0000,5397.7821,0.6615,0.0144
1,60,1024,22.0000,5398.4468,0.6616,0.0019
2,60,1024,22.0000,5397.3759,0.6614,0.0219
3,60,1024,22.0000,5398.4408,0.6616,0.0020
0,60,1024,23.0000,5643.2844,0.6916,0.0060
1,60,1024,23.0000,5643.3713,0.6916,0.0046
2,60,1024,23.0000,5643.4411,0.6916,0.0038
3,60,1024,23.0000,5643.6212,0.6916,0.0008
0,60,1024,24.0000,5790.9270,0.7097,0.0024
1,60,1024,24.0000,5790.6392,0.7096,0.0089
2,60,1024,24.0000,5790.8818,0.7097,0.0054
3,60,1024,24.0000,5791.1894,0.7097,0.0000
0,60,1024,25.0000,6134.9189,0.7518,0.0000
1,60,1024,25.0000,6134.7687,0.7518,0.0039
2,60,1024,25.0000,6134.7880,0.7518,0.0028
3,60,1024,25.0000,6133.9512,0.7517,0.0177
0,60,1024,26.0000,6379.4306,0.7818,0.0111
1,60,1024,26.0000,6379.9447,0.7819,0.0056
2,60,1024,26.0000,6380.4590,0.7819,0.0000
3,60,1024,26.0000,6380.2765,0.7819,0.0016
0,60,1024,27.0000,6513.7773,0.7983,0.0142
1,60,1024,27.0000,6514.3344,0.7983,0.0063
2,60,1024,27.0000,6513.7511,0.7983,0.0156
3,60,1024,27.0000,6514.1688,0.7983,0.0053
0,60,1024,28.0000,6870.5287,0.8420,0.0000
1,60,1024,28.0000,6870.1017,0.8419,0.0068
2,60,1024,28.0000,6870.3016,0.8419,0.0041
3,60,1024,28.0000,6870.0560,0.8419,0.0048
0,60,1024,29.0000,7114.1610,0.8718,0.0138
1,60,1024,29.0000,7114.9623,0.8719,0.0033
2,60,1024,29.0000,7114.9717,0.8719,0.0044
3,60,1024,29.0000,7114.8694,0.8719,0.0057
0,60,1024,30.0000,7237.6470,0.8870,0.0122
1,60,1024,30.0000,7238.2320,0.8870,0.0055
2,60,1024,30.0000,7238.4381,0.8871,0.0024
3,60,1024,30.0000,7238.2633,0.8870,0.0029
0,60,1024,31.0000,7605.0880,0.9320,0.0051
1,60,1024,31.0000,7605.9325,0.9321,0.0045
2,60,1024,31.0000,7605.6593,0.9321,0.0067
3,60,1024,31.0000,7604.0659,0.9319,0.0047
0,60,1024,32.0000,7852.8921,0.9624,0.0000
1,60,1024,32.0000,7851.5232,0.9622,0.0179
2,60,1024,32.0000,7852.4006,0.9623,0.0012
3,60,1024,32.0000,7850.3999,0.9621,0.0085
0,60,1024,33.0000,7962.1401,0.9758,0.0134
1,60,1024,33.0000,7961.8262,0.9757,0.0174
2,60,1024,33.0000,7962.2698,0.9758,0.0081
3,60,1024,33.0000,7960.6696,0.9756,0.0046
0,60,1024,34.0000,8339.7362,1.0220,0.0279
1,60,1024,34.0000,8342.0699,1.0223,0.0011
2,60,1024,34.0000,8340.9808,1.0222,0.0081
3,60,1024,34.0000,8340.0517,1.0221,0.0003
0,60,1024,35.0000,8585.7252,1.0522,0.0239
1,60,1024,35.0000,8587.0611,1.0523,0.0092
2,60,1024,35.0000,8586.0853,1.0522,0.0102
3,60,1024,35.0000,8583.0136,1.0518,0.0370
0,60,1024,36.0000,8683.3321,1.0641,0.0055
1,60,1024,36.0000,8682.5239,1.0640,0.0135
2,60,1024,36.0000,8682.4998,1.0640,0.0110
3,60,1024,36.0000,8682.0771,1.0640,0.0020
0,60,1024,37.0000,9074.2089,1.1120,0.0203
1,60,1024,37.0000,9074.4533,1.1121,0.0175
2,60,1024,37.0000,9074.6215,1.1121,0.0063
3,60,1024,37.0000,9074.7529,1.1121,0.0002
0,60,1024,38.0000,9319.2533,1.1421,0.0135
1,60,1024,38.0000,9313.2797,1.1413,0.0775
2,60,1024,38.0000,9317.9536,1.1419,0.0302
3,60,1024,38.0000,9320.6789,1.1422,0.0000
0,60,1024,39.0000,9403.6088,1.1524,0.0287
1,60,1024,39.0000,9402.0421,1.1522,0.0453
2,60,1024,39.0000,9405.5427,1.1526,0.0262
3,60,1024,39.0000,9407.5641,1.1529,0.0043
0,60,1024,40.0000,9805.3561,1.2016,0.0277
1,60,1024,40.0000,9802.5708,1.2013,0.0558
2,60,1024,40.0000,9808.2239,1.2020,0.0303
3,60,1024,40.0000,9809.7267,1.2022,0.0149
0,60,1024,41.0000,10051.5537,1.2318,0.0078
1,60,1024,41.0000,10047.6894,1.2313,0.0463
2,60,1024,41.0000,10056.0968,1.2324,0.0073
3,60,1024,41.0000,10056.1508,1.2324,0.0067
0,60,1024,42.0000,10116.9872,1.2398,0.0843
1,60,1024,42.0000,10119.9789,1.2402,0.0549
2,60,1024,42.0000,10127.5305,1.2411,0.0243
3,60,1024,42.0000,10129.1479,1.2413,0.0083
0,60,1024,43.0000,10538.9724,1.2915,0.0210
1,60,1024,43.0000,10533.2122,1.2908,0.0757
2,60,1024,43.0000,10542.6826,1.2920,0.0295
3,60,1024,43.0000,10545.5830,1.2924,0.0020
0,60,1024,44.0000,10785.2030,1.3217,0.0141
1,60,1024,44.0000,10780.2807,1.3211,0.0607
2,60,1024,44.0000,10790.8833,1.3224,0.0039
3,60,1024,44.0000,10790.9777,1.3224,0.0047
0,60,1024,45.0000,10843.6417,1.3289,0.0489
1,60,1024,45.0000,10838.5512,1.3283,0.0969
2,60,1024,45.0000,10851.0733,1.3298,0.0148
3,60,1024,45.0000,10852.8305,1.3300,0.0016
0,60,1024,46.0000,11261.8167,1.3801,0.1297
1,60,1024,46.0000,11266.7457,1.3807,0.0863
2,60,1024,46.0000,11277.4267,1.3820,0.0389
3,60,1024,46.0000,11281.2230,1.3825,0.0066
0,60,1024,47.0000,11510.2925,1.4106,0.1128
1,60,1024,47.0000,11513.8931,1.4110,0.0805
2,60,1024,47.0000,11525.0880,1.4124,0.0247
3,60,1024,47.0000,11525.5738,1.4124,0.0215
0,60,1024,48.0000,11561.6795,1.4169,0.0846
1,60,1024,48.0000,11559.5194,1.4166,0.1025
2,60,1024,48.0000,11574.7449,1.4185,0.0077
3,60,1024,48.0000,11572.8644,1.4182,0.0243
0,60,1024,49.0000,11997.6734,1.4703,0.1030
1,60,1024,49.0000,11998.9526,1.4705,0.0922
2,60,1024,49.0000,12012.4859,1.4721,0.0204
3,60,1024,49.0000,12012.1988,1.4721,0.0232
0,60,1024,50.0000,12241.3056,1.5002,0.1133
1,60,1024,50.0000,12237.7193,1.4997,0.1420
2,60,1024,50.0000,12257.2511,1.5021,0.0227
3,60,1024,50.0000,12256.8509,1.5021,0.0270
0,60,1024,51.0000,12488.9056,1.5305,0.1007
1,60,1024,51.0000,12483.1891,1.5298,0.1464
2,60,1024,51.0000,12506.9466,1.5327,0.0001
3,60,1024,51.0000,12501.5722,1.5321,0.0435
0,60,1024,52.0000,12734.0804,1.5605,0.1392
1,60,1024,52.0000,12741.2108,1.5614,0.0842
2,60,1024,52.0000,12749.8639,1.5625,0.0297
3,60,1024,52.0000,12750.6723,1.5626,0.0238
0,60,1024,53.0000,12764.3347,1.5643,0.1399
1,60,1024,53.0000,12769.1567,1.5648,0.1022
2,60,1024,53.0000,12782.3589,1.5665,0.0079
3,60,1024,53.0000,12780.5620,1.5662,0.0229
0,60,1024,54.0000,13217.8920,1.6198,0.1735
1,60,1024,54.0000,13224.7989,1.6207,0.1215
2,60,1024,54.0000,13239.2188,1.6225,0.0199
3,60,1024,54.0000,13241.1253,1.6227,0.0168
0,60,1024,55.0000,13470.1165,1.6507,0.0863
1,60,1024,55.0000,13462.7161,1.6498,0.1411
2,60,1024,55.0000,13480.0057,1.6520,0.0136
3,60,1024,55.0000,13477.6207,1.6517,0.0351
0,60,1024,56.0000,13462.0149,1.6498,0.2920
1,60,1024,56.0000,13482.1202,1.6522,0.1431
2,60,1024,56.0000,13496.5798,1.6540,0.0333
3,60,1024,56.0000,13499.3739,1.6543,0.0138
0,60,1024,57.0000,13960.8285,1.7109,0.1112
1,60,1024,57.0000,13959.5649,1.7107,0.1202
2,60,1024,57.0000,13972.9601,1.7124,0.0182
3,60,1024,57.0000,13972.8616,1.7124,0.0200
0,60,1024,58.0000,14152.2811,1.7343,0.4752
1,60,1024,58.0000,14199.4135,1.7401,0.1436
2,60,1024,58.0000,14216.5627,1.7422,0.0069
3,60,1024,58.0000,14214.5091,1.7420,0.0233
0,60,1024,59.0000,14208.6914,1.7413,0.0962
1,60,1024,59.0000,14202.0880,1.7405,0.1427
2,60,1024,59.0000,14218.2623,1.7424,0.0154
3,60,1024,59.0000,14217.5943,1.7424,0.0206
0,60,1024,60.0000,14696.1516,1.8010,0.1017
1,60,1024,60.0000,14659.1872,1.7965,0.3532
2,60,1024,60.0000,14703.8136,1.8019,0.0321
3,60,1024,60.0000,14701.8480,1.8017,0.0464
0,60,1024,61.0000,14808.2082,1.8147,1.0067
1,60,1024,61.0000,14901.5771,1.8262,0.3839
2,60,1024,61.0000,14949.0260,1.8320,0.0487
3,60,1024,61.0000,14951.9013,1.8323,0.0294
0,60,1024,62.0000,14933.6196,1.8301,0.0732
1,60,1024,62.0000,14909.6258,1.8272,0.2362
2,60,1024,62.0000,14939.5673,1.8308,0.0181
3,60,1024,62.0000,14938.5659,1.8307,0.0271
0,60,1024,63.0000,15433.2446,1.8913,0.1052
1,60,1024,63.0000,15428.9966,1.8908,0.1339
2,60,1024,63.0000,15446.7891,1.8930,0.0000
3,60,1024,63.0000,15441.4289,1.8923,0.0349
0,60,1024,64.0000,15674.1276,1.9208,0.1015
1,60,1024,64.0000,15607.8150,1.9127,0.5289
2,60,1024,64.0000,15683.5700,1.9220,0.0273
3,60,1024,64.0000,15683.1433,1.9220,0.0313
0,60,1024,65.0000,15541.3924,1.9046,0.8358
1,60,1024,65.0000,15582.3933,1.9096,0.5803
2,60,1024,65.0000,15662.7610,1.9195,0.0483
3,60,1024,65.0000,15664.8271,1.9197,0.0359
0,60,1024,66.0000,16156.8258,1.9800,0.1416
1,60,1024,66.0000,15989.4919,1.9595,1.1869
2,60,1024,66.0000,16170.3749,1.9817,0.0448
3,60,1024,66.0000,16173.2949,1.9820,0.0273
0,60,1024,67.0000,16401.7303,2.0100,0.1678
1,60,1024,67.0000,16399.0189,2.0097,0.1969
2,60,1024,67.0000,16423.8905,2.0127,0.0157
3,60,1024,67.0000,16419.9499,2.0122,0.0398
0,60,1024,68.0000,16032.5545,1.9648,2.1805
1,60,1024,68.0000,16374.7293,2.0067,0.1126
2,60,1024,68.0000,16382.7407,2.0077,0.0400
3,60,1024,68.0000,16384.0902,2.0079,0.0320
0,60,1024,69.0000,16686.9209,2.0450,1.3229
1,60,1024,69.0000,16888.7202,2.0697,0.1361
2,60,1024,69.0000,16902.4992,2.0714,0.0409
3,60,1024,69.0000,16905.4392,2.0717,0.0249
0,60,1024,70.0000,17084.1955,2.0937,0.4466
1,60,1024,70.0000,17137.3338,2.1002,0.1433
2,60,1024,70.0000,17145.5982,2.1012,0.0753
3,60,1024,70.0000,17148.5758,2.1015,0.0576
0,60,1024,71.0000,17025.7876,2.0865,0.5231
1,60,1024,71.0000,17083.9182,2.0936,0.1871
2,60,1024,71.0000,17107.5165,2.0965,0.0168
3,60,1024,71.0000,17100.7695,2.0957,0.0550
0,60,1024,72.0000,17120.6627,2.0981,3.0170
1,60,1024,72.0000,17620.6415,2.1594,0.1843
2,60,1024,72.0000,17642.7588,2.1621,0.0353
3,60,1024,72.0000,17638.5547,2.1616,0.0580
0,60,1024,73.0000,17491.1026,2.1435,2.2504
1,60,1024,73.0000,17860.3576,2.1888,0.1863
2,60,1024,73.0000,17886.2629,2.1919,0.0327
3,60,1024,73.0000,17884.0950,2.1917,0.0428
0,60,1024,74.0000,17561.1699,2.1521,1.5172
1,60,1024,74.0000,17786.6251,2.1797,0.2529
2,60,1024,74.0000,17825.5783,2.1845,0.0264
3,60,1024,74.0000,17820.1256,2.1838,0.0556
0,60,1024,75.0000,18118.4824,2.2204,1.4134
1,60,1024,75.0000,18303.6345,2.2431,0.4067
2,60,1024,75.0000,18368.8203,2.2511,0.0543
3,60,1024,75.0000,18372.1249,2.2515,0.0317
0,60,1024,76.0000,18354.5637,2.2493,1.4271
1,60,1024,76.0000,18546.7143,2.2729,0.3983
2,60,1024,76.0000,18615.9374,2.2814,0.0294
3,60,1024,76.0000,18610.2657,2.2807,0.0505
0,60,1024,77.0000,17894.7787,2.1930,3.5549
1,60,1024,77.0000,18449.5502,2.2610,0.5621
2,60,1024,77.0000,18539.4069,2.2720,0.0842
3,60,1024,77.0000,18532.3889,2.2711,0.1131
0,60,1024,78.0000,18124.8252,2.2212,5.1661
1,60,1024,78.0000,18912.6413,2.3177,1.0400
2,60,1024,78.0000,19103.7555,2.3411,0.0466
3,60,1024,78.0000,19103.9535,2.3412,0.0419
0,60,1024,79.0000,18368.4520,2.2510,5.0973
1,60,1024,79.0000,19158.8676,2.3479,1.0069
2,60,1024,79.0000,19348.5990,2.3712,0.0332
3,60,1024,79.0000,19346.2512,2.3709,0.0368
0,60,1024,80.0000,18690.6664,2.2905,3.0361
1,60,1024,80.0000,19110.0326,2.3419,0.8589
2,60,1024,80.0000,19271.4330,2.3617,0.0250
3,60,1024,80.0000,19263.7796,2.3608,0.0624
0,60,1024,81.0000,18361.2878,2.2502,7.4795
1,60,1024,81.0000,19056.5631,2.3354,3.9766
2,60,1024,81.0000,19837.2512,2.4310,0.0474
3,60,1024,81.0000,19836.9594,2.4310,0.0505
0,60,1024,82.0000,18276.1712,2.2397,9.0096
1,60,1024,82.0000,19680.8227,2.4119,2.0101
2,60,1024,82.0000,20079.2522,2.4607,0.0351
3,60,1024,82.0000,20075.8904,2.4603,0.0530
0,60,1024,83.0000,18261.5153,2.2379,8.6827
1,60,1024,83.0000,19311.9519,2.3667,3.4272
2,60,1024,83.0000,19989.8336,2.4497,0.0411
3,60,1024,83.0000,19991.0835,2.4499,0.0354
0,60,1024,84.0000,18979.3880,2.3259,7.7479
1,60,1024,84.0000,20133.6903,2.4674,2.1311
2,60,1024,84.0000,20565.9109,2.5203,0.0381
3,60,1024,84.0000,20563.6956,2.5201,0.0511
0,60,1024,85.0000,18183.4099,2.2284,12.7054
1,60,1024,85.0000,19922.5964,2.4415,4.3445
2,60,1024,85.0000,20821.6923,2.5517,0.0339
3,60,1024,85.0000,20816.0205,2.5510,0.0637
0,60,1024,86.0000,18194.2287,2.2297,12.1606
1,60,1024,86.0000,19632.5697,2.4060,5.2111
2,60,1024,86.0000,20706.2922,2.5375,0.0254
3,60,1024,86.0000,20702.4566,2.5371,0.0449
0,60,1024,87.0000,18508.9128,2.2682,13.1535
1,60,1024,87.0000,20139.7235,2.4681,5.4908
2,60,1024,87.0000,21303.9428,2.6108,0.0337
3,60,1024,87.0000,21303.1834,2.6107,0.0389
0,60,1024,88.0000,18958.2101,2.3233,12.0969
1,60,1024,88.0000,20413.7866,2.5017,5.3424
2,60,1024,88.0000,21556.1378,2.6417,0.0504
3,60,1024,88.0000,21557.2682,2.6418,0.0454
0,60,1024,89.0000,17952.7956,2.2001,16.2790
1,60,1024,89.0000,19561.7071,2.3973,8.7666
2,60,1024,89.0000,21425.3882,2.6257,0.0700
3,60,1024,89.0000,21431.2738,2.6264,0.0436
0,60,1024,90.0000,18670.9412,2.2881,15.3503
1,60,1024,90.0000,20024.9826,2.4540,9.2067
2,60,1024,90.0000,22044.4424,2.7015,0.0498
3,60,1024,90.0000,22047.5342,2.7019,0.0363
0,60,1024,91.0000,18609.5113,2.2806,16.5202
1,60,1024,91.0000,20246.6503,2.4812,9.1673
2,60,1024,91.0000,22276.9837,2.7300,0.0595
3,60,1024,91.0000,22280.5989,2.7305,0.0425
0,60,1024,92.0000,18989.4586,2.3271,15.7154
1,60,1024,92.0000,20310.9127,2.4891,9.8484
2,60,1024,92.0000,22514.4677,2.7591,0.0565
3,60,1024,92.0000,22513.1515,2.7590,0.0635
0,60,1024,93.0000,18517.3212,2.2693,18.6989
1,60,1024,93.0000,19960.6142,2.4462,12.3597
2,60,1024,93.0000,22759.4748,2.7892,0.0613
3,60,1024,93.0000,22764.1298,2.7897,0.0420
0,60,1024,94.0000,17735.4122,2.1735,21.7143
1,60,1024,94.0000,19794.6865,2.4258,12.6162
2,60,1024,94.0000,22643.4724,2.7749,0.0443
3,60,1024,94.0000,22633.0174,2.7737,0.0905
0,60,1024,95.0000,18285.0007,2.2408,21.4271
1,60,1024,95.0000,19792.1115,2.4255,14.9477
2,60,1024,95.0000,23250.3902,2.8493,0.0646
3,60,1024,95.0000,23253.1876,2.8497,0.0526
0,60,1024,96.0000,19075.9522,2.3377,18.9006
1,60,1024,96.0000,19942.9955,2.4440,15.2123
2,60,1024,96.0000,23507.7668,2.8809,0.0548
3,60,1024,96.0000,23504.1603,2.8804,0.0703
0,60,1024,97.0000,17995.9853,2.2054,22.9712
1,60,1024,97.0000,19797.9367,2.4262,15.2462
2,60,1024,97.0000,23339.6216,2.8602,0.0721
3,60,1024,97.0000,23347.3928,2.8612,0.0387
0,60,1024,98.0000,18361.1266,2.2501,23.4850
1,60,1024,98.0000,19467.9286,2.3858,18.8657
2,60,1024,98.0000,23980.0265,2.9387,0.0519
3,60,1024,98.0000,23973.9294,2.9380,0.0771
0,60,1024,99.0000,18415.3123,2.2568,24.0686
1,60,1024,99.0000,20189.8611,2.4742,16.7424
2,60,1024,99.0000,24230.5947,2.9694,0.0791
3,60,1024,99.0000,24236.3905,2.9701,0.0546
0,60,1024,100.0000,18402.6714,2.2552,23.5491
1,60,1024,100.0000,19969.6496,2.4473,17.0266
2,60,1024,100.0000,24051.4269,2.9475,0.0830
3,60,1024,100.0000,24057.7422,2.9483,0.0568
