# port,duration,pkt_size,rate,mbps,mpps,loss
0,60,64,1.0000,179.4192,0.3738,0.0000
1,60,64,1.0000,179.4145,0.3738,0.0026
2,60,64,1.0000,179.4191,0.3738,0.0000
3,60,64,1.0000,179.4196,0.3738,0.0000
0,60,64,2.0000,358.8131,0.7475,0.0079
1,60,64,2.0000,358.6816,0.7473,0.0452
2,60,64,2.0000,358.8448,0.7476,0.0000
3,60,64,2.0000,358.8408,0.7476,0.0004
0,60,64,3.0000,527.5330,1.0990,0.0995
1,60,64,3.0000,527.1926,1.0983,0.1575
2,60,64,3.0000,529.2230,1.1025,0.0126
3,60,64,3.0000,529.2855,1.1027,0.0009
0,60,64,4.0000,713.6589,1.4868,0.5262
1,60,64,4.0000,715.3495,1.4903,0.2831
2,60,64,4.0000,717.5018,1.4948,0.0298
3,60,64,4.0000,717.5863,1.4950,0.0174
0,60,64,5.0000,678.4328,1.4134,24.2723
1,60,64,5.0000,660.3791,1.3758,26.2875
2,60,64,5.0000,894.5550,1.8637,0.0629
3,60,64,5.0000,895.0803,1.8647,0.0357
0,60,64,6.0000,670.6841,1.3973,37.5994
1,60,64,6.0000,632.5514,1.3178,41.1557
2,60,64,6.0000,1073.1909,2.2358,0.1116
3,60,64,6.0000,1062.2300,2.2130,0.0222
0,60,64,7.0000,745.2140,1.5525,40.5242
1,60,64,7.0000,710.2735,1.4797,43.3205
2,60,64,7.0000,1249.3070,2.6027,0.2320
3,60,64,7.0000,1253.9042,2.6123,0.0525
0,60,64,8.0000,737.7439,1.5370,47.5972
1,60,64,8.0000,694.4471,1.4468,50.6828
2,60,64,8.0000,1404.3626,2.9258,0.1273
3,60,64,8.0000,1409.5614,2.9366,0.0607
0,60,64,9.0000,745.3839,1.5529,53.7250
1,60,64,9.0000,723.5420,1.5074,55.0895
2,60,64,9.0000,1560.7520,3.2516,3.0300
3,60,64,9.0000,1594.9418,3.3228,0.5198
0,60,128,1.0000,210.4638,0.2122,0.0000
1,60,128,1.0000,210.4638,0.2122,0.0000
2,60,128,1.0000,210.4652,0.2122,0.0000
3,60,128,1.0000,210.4642,0.2122,0.0000
0,60,128,2.0000,413.8644,0.4172,0.0044
1,60,128,2.0000,413.8836,0.4172,0.0000
2,60,128,2.0000,413.8532,0.4172,0.0072
3,60,128,2.0000,413.8733,0.4172,0.0025
0,60,128,3.0000,631.2790,0.6364,0.0037
1,60,128,3.0000,631.2524,0.6363,0.0086
2,60,128,3.0000,631.3040,0.6364,0.0007
3,60,128,3.0000,631.3072,0.6364,0.0000
0,60,128,4.0000,841.5524,0.8483,0.0132
1,60,128,4.0000,841.6636,0.8485,0.0000
2,60,128,4.0000,841.6511,0.8484,0.0023
3,60,128,4.0000,841.6415,0.8484,0.0038
0,60,128,5.0000,1033.5592,1.0419,0.0880
1,60,128,5.0000,1033.7718,1.0421,0.0586
2,60,128,5.0000,1034.6336,1.0430,0.0075
3,60,128,5.0000,1034.6970,1.0430,0.0014
0,60,128,6.0000,1255.8973,1.2660,0.1326
1,60,128,6.0000,1255.7175,1.2658,0.4235
2,60,128,6.0000,1262.1185,1.2723,0.0338
3,60,128,6.0000,1262.3714,1.2726,0.0139
0,60,128,7.0000,1454.2868,1.4660,1.1952
1,60,128,7.0000,1439.4856,1.4511,2.1857
2,60,128,7.0000,1472.4690,1.4843,0.0114
3,60,128,7.0000,1472.3865,1.4843,0.0167
0,60,128,8.0000,1495.9466,1.5080,9.5117
1,60,128,8.0000,1485.2898,1.4973,10.1575
2,60,128,8.0000,1654.2394,1.6676,0.0428
3,60,128,8.0000,1651.8195,1.6651,0.0556
0,60,128,9.0000,1547.8437,1.5603,18.1309
1,60,128,9.0000,1503.4850,1.5156,20.4925
2,60,128,9.0000,1885.4269,1.9006,0.0692
3,60,128,9.0000,1886.7230,1.9019,0.0212
0,60,128,10.0000,1558.8388,1.5714,25.8092
1,60,128,10.0000,1496.6978,1.5088,28.7754
2,60,128,10.0000,2099.2405,2.1162,0.0531
3,60,128,10.0000,2097.5708,2.1145,0.0380
0,60,128,11.0000,1519.7736,1.5320,33.1280
1,60,128,11.0000,1488.1502,1.5002,34.5178
2,60,128,11.0000,2264.3615,2.2826,0.0724
3,60,128,11.0000,2237.5206,2.2556,0.0297
0,60,128,12.0000,1529.1010,1.5414,39.3399
1,60,128,12.0000,1480.8089,1.4928,41.2618
2,60,128,12.0000,2511.2604,2.5315,0.1516
3,60,128,12.0000,2519.3489,2.5397,0.0635
0,60,128,13.0000,1526.1393,1.5384,44.0881
1,60,128,13.0000,1496.6915,1.5088,45.1661
2,60,128,13.0000,2717.8771,2.7398,0.0656
3,60,128,13.0000,2732.6341,2.7547,0.0649
0,60,128,14.0000,1510.7890,1.5230,47.6928
1,60,128,14.0000,1435.3272,1.4469,50.3108
2,60,128,14.0000,2882.8804,2.9061,0.1001
3,60,128,14.0000,2889.1234,2.9124,0.1149
0,60,256,1.0000,229.3531,0.1138,0.0000
1,60,256,1.0000,229.3552,0.1138,0.0000
2,60,256,1.0000,229.3557,0.1138,0.0000
3,60,256,1.0000,229.3557,0.1138,0.0000
0,60,256,2.0000,458.7104,0.2275,0.0000
1,60,256,2.0000,458.7104,0.2275,0.0000
2,60,256,2.0000,458.7129,0.2275,0.0000
3,60,256,2.0000,458.7108,0.2275,0.0000
0,60,256,3.0000,676.5671,0.3356,0.0016
1,60,256,3.0000,676.5782,0.3356,0.0000
2,60,256,3.0000,676.5807,0.3356,0.0000
3,60,256,3.0000,676.5786,0.3356,0.0000
0,60,256,4.0000,917.3283,0.4550,0.0014
1,60,256,4.0000,917.3128,0.4550,0.0033
2,60,256,4.0000,917.3261,0.4550,0.0019
3,60,256,4.0000,917.3438,0.4550,0.0000
0,60,256,5.0000,1146.5888,0.5687,0.0068
1,60,256,5.0000,1146.5846,0.5687,0.0071
2,60,256,5.0000,1146.6365,0.5688,0.0026
3,60,256,5.0000,1146.6668,0.5688,0.0000
0,60,256,6.0000,1353.0358,0.6711,0.0065
1,60,256,6.0000,1353.0208,0.6711,0.0078
2,60,256,6.0000,1353.0986,0.6712,0.0021
3,60,256,6.0000,1353.1280,0.6712,0.0000
0,60,256,7.0000,1604.6132,0.7959,0.0461
1,60,256,7.0000,1605.2305,0.7962,0.0076
2,60,256,7.0000,1605.2675,0.7963,0.0063
3,60,256,7.0000,1605.3709,0.7963,0.0000
0,60,256,8.0000,1833.4739,0.9095,0.0457
1,60,256,8.0000,1833.9082,0.9097,0.0258
2,60,256,8.0000,1834.2398,0.9098,0.0114
3,60,256,8.0000,1834.4508,0.9099,0.0000
0,60,256,9.0000,2027.0637,1.0055,0.0746
1,60,256,9.0000,2028.0593,1.0060,0.0228
2,60,256,9.0000,2029.2897,1.0066,0.0011
3,60,256,9.0000,2029.3092,1.0066,0.0000
0,60,256,10.0000,2284.9139,1.1334,0.1189
1,60,256,10.0000,2284.7332,1.1333,0.0990
2,60,256,10.0000,2291.8179,1.1368,0.0421
3,60,256,10.0000,2292.5928,1.1372,0.0103
0,60,256,11.0000,2508.6071,1.2443,0.0918
1,60,256,11.0000,2509.2414,1.2447,0.0751
2,60,256,11.0000,2521.3606,1.2507,0.0121
3,60,256,11.0000,2521.7206,1.2509,0.0013
0,60,256,12.0000,2689.8170,1.3342,0.4907
1,60,256,12.0000,2687.7483,1.3332,0.5671
2,60,256,12.0000,2705.0702,1.3418,0.0162
3,60,256,12.0000,2705.4142,1.3420,0.0033
0,60,256,13.0000,2969.5087,1.4730,0.3183
1,60,256,13.0000,2942.3362,1.4595,1.2267
2,60,256,13.0000,2979.7171,1.4780,0.0421
3,60,256,13.0000,2980.5133,1.4784,0.0008
0,60,256,14.0000,3122.6710,1.5489,2.5639
1,60,256,14.0000,3062.5071,1.5191,4.4594
2,60,256,14.0000,3208.8658,1.5917,0.0299
3,60,256,14.0000,3208.3470,1.5914,0.0095
0,60,256,15.0000,3032.3112,1.5041,10.1757
1,60,256,15.0000,3002.3841,1.4893,11.0635
2,60,256,15.0000,3370.1354,1.6717,0.0719
3,60,256,15.0000,3369.8727,1.6716,0.0360
0,60,256,16.0000,3156.4129,1.5657,13.7734
1,60,256,16.0000,3093.3181,1.5344,15.4965
2,60,256,16.0000,3646.6998,1.8089,0.0637
3,60,256,16.0000,3645.9045,1.8085,0.0301
0,60,256,17.0000,3183.4392,1.5791,18.1273
1,60,256,17.0000,2978.8952,1.4776,23.3931
2,60,256,17.0000,3877.8273,1.9235,0.0672
3,60,256,17.0000,3878.4476,1.9238,0.0180
0,60,256,18.0000,3064.1178,1.5199,24.3358
1,60,256,18.0000,3001.6788,1.4889,25.8867
2,60,256,18.0000,4043.3996,2.0057,0.0477
3,60,256,18.0000,4045.8264,2.0069,0.0273
0,60,256,19.0000,3083.0499,1.5293,29.0766
1,60,256,19.0000,3021.7312,1.4989,30.4975
2,60,256,19.0000,4323.2449,2.1445,0.0844
3,60,256,19.0000,4306.1487,2.1360,0.0500
0,60,256,20.0000,3128.3121,1.5517,31.6174
1,60,256,20.0000,2993.5954,1.4849,34.5726
2,60,256,20.0000,4550.9855,2.2574,0.0985
3,60,256,20.0000,4526.0392,2.2451,0.0309
0,60,256,21.0000,3090.4919,1.5330,34.5731
1,60,256,21.0000,2965.8918,1.4712,37.2205
2,60,256,21.0000,4635.5831,2.2994,1.7182
3,60,256,21.0000,4680.9457,2.3219,0.8004
0,60,512,1.0000,239.8692,0.0590,0.0000
1,60,512,1.0000,239.8736,0.0590,0.0000
2,60,512,1.0000,239.8696,0.0590,0.0000
3,60,512,1.0000,239.8696,0.0590,0.0000
0,60,512,2.0000,479.7298,0.1180,0.0000
1,60,512,2.0000,479.7341,0.1180,0.0000
2,60,512,2.0000,479.7344,0.1180,0.0000
3,60,512,2.0000,479.7344,0.1180,0.0000
0,60,512,3.0000,719.5686,0.1771,0.0000
1,60,512,3.0000,719.5730,0.1771,0.0000
2,60,512,3.0000,719.5733,0.1771,0.0000
3,60,512,3.0000,719.5690,0.1771,0.0000
0,60,512,4.0000,959.4205,0.2361,0.0000
1,60,512,4.0000,959.4205,0.2361,0.0000
2,60,512,4.0000,959.4210,0.2361,0.0000
3,60,512,4.0000,959.4253,0.2361,0.0000
0,60,512,5.0000,1179.2176,0.2902,0.0008
1,60,512,5.0000,1179.2264,0.2902,0.0005
2,60,512,5.0000,1179.2136,0.2902,0.0012
3,60,512,5.0000,1179.2323,0.2902,0.0000
0,60,512,6.0000,1439.1112,0.3541,0.0000
1,60,512,6.0000,1439.0982,0.3541,0.0000
2,60,512,6.0000,1439.1159,0.3541,0.0000
3,60,512,6.0000,1439.1159,0.3541,0.0000
0,60,512,7.0000,1678.8417,0.4131,0.0000
1,60,512,7.0000,1678.8677,0.4131,0.0000
2,60,512,7.0000,1678.8413,0.4131,0.0021
3,60,512,7.0000,1678.8575,0.4131,0.0011
0,60,512,8.0000,1886.5924,0.4642,0.0023
1,60,512,8.0000,1886.4926,0.4642,0.0079
2,60,512,8.0000,1886.5804,0.4642,0.0034
3,60,512,8.0000,1886.5456,0.4642,0.0053
0,60,512,9.0000,2158.2287,0.5311,0.0070
1,60,512,9.0000,2158.3804,0.5311,0.0000
2,60,512,9.0000,2158.3332,0.5311,0.0026
3,60,512,9.0000,2158.3678,0.5311,0.0010
0,60,512,10.0000,2398.0849,0.5901,0.0085
1,60,512,10.0000,2398.2669,0.5901,0.0009
2,60,512,10.0000,2398.2937,0.5901,0.0000
3,60,512,10.0000,2398.2067,0.5901,0.0034
0,60,512,11.0000,2594.2709,0.6384,0.0035
1,60,512,11.0000,2594.0541,0.6383,0.0122
2,60,512,11.0000,2594.2795,0.6384,0.0035
3,60,512,11.0000,2594.3756,0.6384,0.0000
0,60,512,12.0000,2877.5457,0.7081,0.0212
1,60,512,12.0000,2877.8970,0.7081,0.0092
2,60,512,12.0000,2878.1443,0.7082,0.0006
3,60,512,12.0000,2877.6368,0.7081,0.0182
0,60,512,13.0000,3117.3370,0.7671,0.0070
1,60,512,13.0000,3117.2034,0.7670,0.0119
2,60,512,13.0000,3117.0964,0.7670,0.0165
3,60,512,13.0000,3117.6194,0.7671,0.0000
0,60,512,14.0000,3300.9084,0.8122,0.0281
1,60,512,14.0000,3300.7537,0.8122,0.0235
2,60,512,14.0000,3301.6612,0.8124,0.0075
3,60,512,14.0000,3301.6585,0.8124,0.0076
0,60,512,15.0000,3596.6636,0.8850,0.0157
1,60,512,15.0000,3596.9260,0.8851,0.0055
2,60,512,15.0000,3596.5600,0.8850,0.0269
3,60,512,15.0000,3597.5270,0.8852,0.0000
0,60,512,16.0000,3836.1035,0.9439,0.0303
1,60,512,16.0000,3835.7747,0.9438,0.0369
2,60,512,16.0000,3837.1749,0.9442,0.0088
3,60,512,16.0000,3837.4490,0.9443,0.0019
0,60,512,17.0000,4003.2760,0.9851,0.0938
1,60,512,17.0000,4003.6611,0.9852,0.0541
2,60,512,17.0000,4008.8382,0.9864,0.0019
3,60,512,17.0000,4008.1901,0.9863,0.0181
0,60,512,18.0000,4308.0782,1.0601,0.0795
1,60,512,18.0000,4307.4713,1.0599,0.0842
2,60,512,18.0000,4315.7424,1.0619,0.0186
3,60,512,18.0000,4316.5034,1.0621,0.0017
0,60,512,19.0000,4543.9202,1.1181,0.1053
1,60,512,19.0000,4544.9909,1.1184,0.0784
2,60,512,19.0000,4556.5396,1.1212,0.0159
3,60,512,19.0000,4557.2491,1.1214,0.0010
0,60,512,20.0000,4707.6290,1.1584,0.0760
1,60,512,20.0000,4697.7063,1.1559,0.2960
2,60,512,20.0000,4714.2661,1.1600,0.0240
3,60,512,20.0000,4715.3497,1.1603,0.0018
0,60,512,21.0000,5026.0255,1.2367,0.1283
1,60,512,21.0000,5029.3375,1.2375,0.0636
2,60,512,21.0000,5035.3157,1.2390,0.0230
3,60,512,21.0000,5035.1983,1.2390,0.0253
0,60,512,22.0000,5268.9030,1.2965,0.0987
1,60,512,22.0000,5269.4275,1.2966,0.1049
2,60,512,22.0000,5275.3714,1.2981,0.0105
3,60,512,22.0000,5275.5061,1.2981,0.0075
0,60,512,23.0000,5416.4946,1.3328,0.0864
1,60,512,23.0000,5356.6942,1.3181,1.1898
2,60,512,23.0000,5422.0566,1.3342,0.0086
3,60,512,23.0000,5421.6577,1.3341,0.0158
0,60,512,24.0000,5707.8971,1.4045,0.7819
1,60,512,24.0000,5703.1851,1.4033,0.8662
2,60,512,24.0000,5751.9018,1.4153,0.0298
3,60,512,24.0000,5753.5014,1.4157,0.0023
0,60,512,25.0000,5956.1820,1.4656,0.6209
1,60,512,25.0000,5980.2874,1.4715,0.2223
2,60,512,25.0000,5984.1502,1.4725,0.0075
3,60,512,25.0000,5983.7860,1.4724,0.0114
0,60,512,26.0000,6069.9371,1.4936,0.9401
1,60,512,26.0000,6094.6112,1.4997,0.5589
2,60,512,26.0000,6105.6150,1.5024,0.0334
3,60,512,26.0000,6104.2365,1.5020,0.0593
0,60,512,27.0000,6328.9200,1.5573,2.1712
1,60,512,27.0000,6399.8366,1.5748,1.0827
2,60,512,27.0000,6452.8085,1.5878,0.0280
3,60,512,27.0000,6451.1424,1.5874,0.0691
0,60,512,28.0000,6218.6438,1.5302,7.2849
1,60,512,28.0000,6084.3084,1.4971,9.2909
2,60,512,28.0000,6695.3608,1.6475,0.0195
3,60,512,28.0000,6695.3626,1.6475,0.0462
0,60,512,29.0000,6003.3940,1.4772,12.1383
1,60,512,29.0000,5982.9795,1.4722,12.4373
2,60,512,29.0000,6816.9387,1.6774,0.0219
3,60,512,29.0000,6816.7737,1.6774,0.0447
0,60,512,30.0000,6275.2310,1.5441,12.6737
1,60,512,30.0000,6170.0988,1.5182,14.1392
2,60,512,30.0000,7169.0825,1.7640,0.0509
3,60,512,30.0000,7170.2356,1.7643,0.0409
0,60,512,31.0000,6274.3174,1.5439,15.5122
1,60,512,31.0000,6030.6705,1.4839,18.7971
2,60,512,31.0000,7406.2584,1.8224,0.0468
3,60,512,31.0000,7406.8666,1.8226,0.0415
0,60,512,32.0000,6237.0499,1.5347,17.2309
1,60,512,32.0000,6083.8837,1.4970,19.2666
2,60,512,32.0000,7516.0302,1.8494,0.0399
3,60,512,32.0000,7514.8324,1.8491,0.0732
0,60,512,33.0000,6216.7276,1.5297,21.3324
1,60,512,33.0000,6117.1325,1.5052,22.5957
2,60,512,33.0000,7884.5573,1.9401,0.0637
3,60,512,33.0000,7886.8088,1.9407,0.0527
0,60,512,34.0000,6230.1399,1.5330,23.5074
1,60,512,34.0000,6063.6133,1.4920,25.5542
2,60,512,34.0000,8129.5467,2.0004,0.0715
3,60,512,34.0000,8130.0722,2.0005,0.0967
0,60,512,35.0000,6079.4751,1.4959,26.2485
1,60,512,35.0000,6094.5217,1.4996,26.0665
2,60,512,35.0000,8230.8923,2.0253,0.0563
3,60,512,35.0000,8232.1496,2.0256,0.0551
0,60,512,36.0000,6266.4538,1.5419,27.2897
1,60,512,36.0000,6005.4833,1.4777,30.3216
2,60,512,36.0000,8604.5263,2.1173,0.0777
3,60,512,36.0000,8605.5597,2.1175,0.0686
0,60,512,37.0000,6360.2184,1.5650,28.2275
1,60,512,37.0000,6113.7980,1.5044,31.0134
2,60,512,37.0000,8849.3677,2.1775,0.0706
3,60,512,37.0000,8850.5685,2.1778,0.0397
0,60,512,38.0000,6118.8276,1.5056,31.6209
1,60,512,38.0000,5957.8418,1.4660,33.4239
2,60,512,38.0000,8931.7479,2.1978,0.0800
3,60,512,38.0000,8935.8356,2.1988,0.0396
0,60,512,39.0000,6149.0110,1.5130,34.1492
1,60,512,39.0000,5908.2622,1.4538,36.7317
2,60,512,39.0000,9321.9543,2.2938,0.1036
3,60,512,39.0000,9325.9253,2.2948,0.0772
0,60,512,40.0000,6227.5529,1.5324,34.9585
1,60,512,40.0000,5900.3382,1.4519,38.3813
2,60,512,40.0000,9564.9683,2.3536,0.1134
3,60,512,40.0000,9568.5852,2.3545,0.0759
0,60,512,41.0000,6210.8151,1.5283,35.6533
1,60,512,41.0000,6056.6299,1.4903,37.2547
2,60,512,41.0000,9651.8678,2.3750,0.0682
3,60,512,41.0000,9655.1885,2.3758,0.0421
0,60,512,42.0000,6353.3389,1.5633,36.8113
1,60,512,42.0000,5999.1705,1.4762,40.3379
2,60,512,42.0000,10041.7708,2.4709,0.1600
3,60,512,42.0000,10060.8849,2.4756,0.0577
0,60,512,43.0000,6241.1205,1.5357,39.3655
1,60,512,43.0000,6017.3252,1.4806,41.5430
2,60,512,43.0000,10297.0794,2.5337,0.0462
3,60,512,43.0000,10296.5952,2.5336,0.0543
0,60,512,44.0000,6281.3648,1.5456,40.3485
1,60,512,44.0000,6108.3805,1.5030,41.9941
2,60,512,44.0000,10522.4352,2.5892,0.1025
3,60,512,44.0000,10526.8092,2.5903,0.0609
0,60,512,45.0000,6214.9084,1.5293,42.3145
1,60,512,45.0000,6087.4565,1.4979,43.4999
2,60,512,45.0000,10776.1892,2.6516,0.0454
3,60,512,45.0000,10773.4973,2.6510,0.0697
0,60,512,46.0000,6233.3912,1.5338,42.4239
1,60,512,46.0000,6021.2343,1.4816,44.3882
2,60,512,46.0000,10835.3827,2.6662,0.0618
3,60,512,46.0000,10829.5010,2.6647,0.0679
0,60,512,47.0000,6357.3054,1.5643,43.5013
1,60,512,47.0000,6184.2679,1.5217,45.0416
2,60,512,47.0000,11260.8434,2.7709,0.0679
3,60,512,47.0000,11252.2279,2.7688,0.0864
0,60,512,48.0000,6309.4541,1.5525,45.0677
1,60,512,48.0000,5941.8931,1.4621,48.2745
2,60,512,48.0000,11493.8417,2.8282,0.0572
3,60,512,48.0000,11252.7556,2.7689,2.0918
0,60,512,49.0000,6180.4294,1.5208,46.4108
1,60,512,49.0000,5945.0922,1.4629,48.4560
2,60,512,49.0000,11528.9287,2.8368,0.1291
3,60,512,49.0000,11061.1287,2.7217,4.1297
0,60,1024,1.0000,245.4267,0.0301,0.0000
1,60,1024,1.0000,245.4267,0.0301,0.0000
2,60,1024,1.0000,245.4271,0.0301,0.0000
3,60,1024,1.0000,245.4271,0.0301,0.0000
0,60,1024,2.0000,490.8447,0.0602,0.0000
1,60,1024,2.0000,490.8447,0.0602,0.0000
2,60,1024,2.0000,490.8451,0.0602,0.0000
3,60,1024,2.0000,490.8451,0.0602,0.0000
0,60,1024,3.0000,723.9726,0.0887,0.0000
1,60,1024,3.0000,723.9726,0.0887,0.0000
2,60,1024,3.0000,723.9731,0.0887,0.0000
3,60,1024,3.0000,723.9731,0.0887,0.0000
0,60,1024,4.0000,981.6720,0.1203,0.0000
1,60,1024,4.0000,981.6807,0.1203,0.0000
2,60,1024,4.0000,981.6810,0.1203,0.0000
3,60,1024,4.0000,981.6810,0.1203,0.0000
0,60,1024,5.0000,1227.0899,0.1504,0.0000
1,60,1024,5.0000,1227.0812,0.1504,0.0000
2,60,1024,5.0000,1227.0816,0.1504,0.0000
3,60,1024,5.0000,1227.0816,0.1504,0.0000
0,60,1024,6.0000,1447.9452,0.1774,0.0000
1,60,1024,6.0000,1447.9452,0.1774,0.0000
2,60,1024,6.0000,1447.7802,0.1774,0.0000
3,60,1024,6.0000,1447.9456,0.1774,0.0000
0,60,1024,7.0000,1717.8911,0.2105,0.0000
1,60,1024,7.0000,1717.8824,0.2105,0.0000
2,60,1024,7.0000,1717.9001,0.2105,0.0000
3,60,1024,7.0000,1717.8914,0.2105,0.0000
0,60,1024,8.0000,1963.3091,0.2406,0.0000
1,60,1024,8.0000,1963.0575,0.2406,0.0128
2,60,1024,8.0000,1963.3095,0.2406,0.0000
3,60,1024,8.0000,1963.3136,0.2406,0.0002
0,60,1024,9.0000,2171.8743,0.2662,0.0000
1,60,1024,9.0000,2171.8482,0.2662,0.0000
2,60,1024,9.0000,2171.8749,0.2662,0.0000
3,60,1024,9.0000,2171.8749,0.2662,0.0000
0,60,1024,10.0000,2454.1886,0.3008,0.0000
1,60,1024,10.0000,2454.1697,0.3008,0.0008
2,60,1024,10.0000,2454.1570,0.3008,0.0013
3,60,1024,10.0000,2454.1976,0.3008,0.0000
0,60,1024,11.0000,2699.5195,0.3308,0.0000
1,60,1024,11.0000,2699.5108,0.3308,0.0000
2,60,1024,11.0000,2699.4494,0.3308,0.0026
3,60,1024,11.0000,2699.5199,0.3308,0.0000
0,60,1024,12.0000,2895.6641,0.3549,0.0000
1,60,1024,12.0000,2895.6729,0.3549,0.0000
2,60,1024,12.0000,2895.6468,0.3549,0.0012
3,60,1024,12.0000,2895.6187,0.3549,0.0019
0,60,1024,13.0000,3190.2661,0.3910,0.0022
1,60,1024,13.0000,3190.3631,0.3910,0.0000
2,60,1024,13.0000,3190.3645,0.3910,0.0000
3,60,1024,13.0000,3190.2903,0.3910,0.0023
0,60,1024,14.0000,3435.2942,0.4210,0.0096
1,60,1024,14.0000,3435.6006,0.4210,0.0012
2,60,1024,14.0000,3435.6433,0.4210,0.0000
3,60,1024,14.0000,3435.6520,0.4210,0.0000
0,60,1024,15.0000,3619.3147,0.4435,0.0000
1,60,1024,15.0000,3619.3269,0.4435,0.0001
2,60,1024,15.0000,3619.3587,0.4435,0.0000
3,60,1024,15.0000,3619.3265,0.4435,0.0001
0,60,1024,16.0000,3926.2484,0.4812,0.0032
1,60,1024,16.0000,3925.7029,0.4811,0.0175
2,60,1024,16.0000,3926.3922,0.4812,0.0000
3,60,1024,16.0000,3926.3394,0.4812,0.0011
0,60,1024,17.0000,4171.7399,0.5112,0.0004
1,60,1024,17.0000,4171.6610,0.5112,0.0031
2,60,1024,17.0000,4171.7341,0.5112,0.0014
3,60,1024,17.0000,4171.7928,0.5112,0.0000
0,60,1024,18.0000,4343.2430,0.5323,0.0054
1,60,1024,18.0000,4342.7993,0.5322,0.0156
2,60,1024,18.0000,4343.3253,0.5323,0.0039
3,60,1024,18.0000,4343.4256,0.5323,0.0014
0,60,1024,19.0000,4662.0444,0.5713,0.0052
1,60,1024,19.0000,4661.8947,0.5713,0.0088
2,60,1024,19.0000,4661.6269,0.5713,0.0147
3,60,1024,19.0000,4662.3154,0.5714,0.0000
0,60,1024,20.0000,4907.0359,0.6014,0.0201
1,60,1024,20.0000,4906.9926,0.6013,0.0215
2,60,1024,20.0000,4907.9067,0.6015,0.0030
3,60,1024,20.0000,4908.0468,0.6015,0.0000
0,60,1024,21.0000,5066.6591,0.6209,0.0064
1,60,1024,21.0000,5066.9562,0.6210,0.0015
2,60,1024,21.0000,5066.4974,0.6209,0.0109
3,60,1024,21.0000,5067.0413,0.6210,0.0002
0,60,1024,22.0000,5398.2374,0.6615,0.0063
1,60,1024,22.0000,5397.2109,0.6614,0.0253
2,60,1024,22.0000,5397.2595,0.6614,0.0244
3,60,1024,22.0000,5398.5693,0.6616,0.0000
0,60,1024,23.0000,5642.9591,0.6915,0.0120
1,60,1024,23.0000,5642.5081,0.6915,0.0206
2,60,1024,23.0000,5643.6041,0.6916,0.0017
3,60,1024,23.0000,5643.5459,0.6916,0.0027
0,60,1024,24.0000,5789.9522,0.7096,0.0211
1,60,1024,24.0000,5789.9071,0.7095,0.0217
2,60,1024,24.0000,5791.0841,0.7097,0.0024
3,60,1024,24.0000,5791.2329,0.7097,0.0000
0,60,1024,25.0000,6133.8824,0.7517,0.0194
1,60,1024,25.0000,6134.7353,0.7518,0.0041
2,60,1024,25.0000,6134.2831,0.7518,0.0130
3,60,1024,25.0000,6134.7577,0.7518,0.0053
0,60,1024,26.0000,6377.8033,0.7816,0.0356
1,60,1024,26.0000,6380.1887,0.7819,0.0000
2,60,1024,26.0000,6380.4845,0.7819,0.0001
3,60,1024,26.0000,6380.4937,0.7819,0.0000
0,60,1024,27.0000,6512.6456,0.7981,0.0249
1,60,1024,27.0000,6512.8453,0.7981,0.0226
2,60,1024,27.0000,6513.6996,0.7982,0.0170
3,60,1024,27.0000,6514.3513,0.7983,0.0068
0,60,1024,28.0000,6867.1530,0.8416,0.0458
1,60,1024,28.0000,6868.3433,0.8417,0.0285
2,60,1024,28.0000,6869.1789,0.8418,0.0212
3,60,1024,28.0000,6870.4758,0.8420,0.0025
0,60,1024,29.0000,7108.7366,0.8712,0.0689
1,60,1024,29.0000,7111.7330,0.8715,0.0269
2,60,1024,29.0000,7115.0669,0.8719,0.0038
3,60,1024,29.0000,7115.1719,0.8720,0.0021
0,60,1024,30.0000,7230.0036,0.8860,0.0813
1,60,1024,30.0000,7233.4755,0.8865,0.0324
2,60,1024,30.0000,7238.1724,0.8870,0.0073
3,60,1024,30.0000,7238.5506,0.8871,0.0025
0,60,1024,31.0000,7599.0426,0.9313,0.0442
1,60,1024,31.0000,7601.0189,0.9315,0.0166
2,60,1024,31.0000,7606.2991,0.9321,0.0014
3,60,1024,31.0000,7605.6060,0.9321,0.0110
0,60,1024,32.0000,7843.1042,0.9612,0.0629
1,60,1024,32.0000,7845.2634,0.9614,0.0355
2,60,1024,32.0000,7852.8202,0.9624,0.0036
3,60,1024,32.0000,7852.5062,0.9623,0.0078
0,60,1024,33.0000,7951.0424,0.9744,0.0847
1,60,1024,33.0000,7952.9048,0.9746,0.0614
2,60,1024,33.0000,7963.3423,0.9759,0.0000
3,60,1024,33.0000,7963.0984,0.9759,0.0036
0,60,1024,34.0000,8329.8492,1.0208,0.0813
1,60,1024,34.0000,8329.2599,1.0207,0.0884
2,60,1024,34.0000,8341.5887,1.0223,0.0113
3,60,1024,34.0000,8339.4930,1.0220,0.0362
0,60,1024,35.0000,8576.5903,1.0511,0.0731
1,60,1024,35.0000,8578.9467,1.0513,0.0476
2,60,1024,35.0000,8585.3094,1.0521,0.0423
3,60,1024,35.0000,8588.1031,1.0525,0.0099
0,60,1024,36.0000,8816.7685,1.0805,0.1070
1,60,1024,36.0000,8820.4851,1.0809,0.0684
2,60,1024,36.0000,8830.5764,1.0822,0.0190
3,60,1024,36.0000,8832.2538,1.0824,0.0000
0,60,1024,37.0000,9065.5114,1.1110,0.0884
1,60,1024,37.0000,9068.8537,1.1114,0.0515
2,60,1024,37.0000,9076.3073,1.1123,0.0117
3,60,1024,37.0000,9077.3672,1.1124,0.0000
0,60,1024,38.0000,9153.4914,1.1218,0.1111
1,60,1024,38.0000,9156.1693,1.1221,0.0819
2,60,1024,38.0000,9164.3174,1.1231,0.0008
3,60,1024,38.0000,9162.6938,1.1229,0.0196
0,60,1024,39.0000,9547.1035,1.1700,0.2094
1,60,1024,39.0000,9549.6354,1.1703,0.1829
2,60,1024,39.0000,9562.3355,1.1719,0.0209
3,60,1024,39.0000,9563.8942,1.1720,0.0046
0,60,1024,40.0000,9779.8401,1.1985,0.3203
1,60,1024,40.0000,9785.7244,1.1992,0.2603
2,60,1024,40.0000,9805.5174,1.2017,0.0062
3,60,1024,40.0000,9805.6999,1.2017,0.0041
0,60,1024,41.0000,9814.1291,1.2027,0.7569
1,60,1024,41.0000,9883.9606,1.2113,0.0506
2,60,1024,41.0000,9881.2327,1.2109,0.0200
3,60,1024,41.0000,9882.8432,1.2111,0.0040
0,60,1024,42.0000,10294.1292,1.2615,0.0851
1,60,1024,42.0000,10262.4159,1.2576,0.3925
2,60,1024,42.0000,10296.0049,1.2618,0.0067
3,60,1024,42.0000,10296.6844,1.2618,0.0000
0,60,1024,43.0000,10532.9971,1.2908,0.1434
1,60,1024,43.0000,10539.3597,1.2916,0.0831
2,60,1024,43.0000,10537.7760,1.2914,0.0267
3,60,1024,43.0000,10540.2212,1.2917,0.0034
0,60,1024,44.0000,10518.0872,1.2890,0.9034
1,60,1024,44.0000,10552.5101,1.2932,0.5791
2,60,1024,44.0000,10604.2004,1.2995,0.0169
3,60,1024,44.0000,10603.1691,1.2994,0.0264
0,60,1024,45.0000,11025.9605,1.3512,0.1308
1,60,1024,45.0000,10961.7485,1.3434,0.7120
2,60,1024,45.0000,11031.3484,1.3519,0.0079
3,60,1024,45.0000,11031.5928,1.3519,0.0056
0,60,1024,46.0000,11265.5958,1.3806,0.1737
1,60,1024,46.0000,11271.8620,1.3814,0.1193
2,60,1024,46.0000,11274.2641,1.3817,0.0119
3,60,1024,46.0000,11275.0702,1.3817,0.0050
0,60,1024,47.0000,11083.5466,1.3583,2.2534
1,60,1024,47.0000,11321.9190,1.3875,0.1539
2,60,1024,47.0000,11328.1793,1.3883,0.0158
3,60,1024,47.0000,11326.8197,1.3881,0.0278
0,60,1024,48.0000,11715.8794,1.4358,0.5071
1,60,1024,48.0000,11741.3734,1.4389,0.2895
2,60,1024,48.0000,11767.3639,1.4421,0.0140
3,60,1024,48.0000,11766.9897,1.4420,0.0169
0,60,1024,49.0000,11792.5849,1.4452,1.8767
1,60,1024,49.0000,11962.2863,1.4660,0.4646
2,60,1024,49.0000,12008.5924,1.4716,0.0293
3,60,1024,49.0000,12009.1351,1.4717,0.0249
0,60,1024,50.0000,11726.1618,1.4370,2.7511
1,60,1024,50.0000,11705.0376,1.4344,2.9259
2,60,1024,50.0000,12054.3030,1.4772,0.0119
3,60,1024,50.0000,12052.0805,1.4770,0.0304
0,60,1024,51.0000,11990.4297,1.4694,4.1317
1,60,1024,51.0000,11795.1201,1.4455,5.6919
2,60,1024,51.0000,12502.9868,1.5322,0.0211
3,60,1024,51.0000,12502.2599,1.5321,0.0268
0,60,1024,52.0000,12388.0076,1.5181,2.8700
1,60,1024,52.0000,12326.0542,1.5105,3.3564
2,60,1024,52.0000,12750.0251,1.5625,0.0174
3,60,1024,52.0000,12744.4315,1.5618,0.0612
0,60,1024,53.0000,12436.1997,1.5240,2.7158
1,60,1024,53.0000,12238.7741,1.4998,4.2615
2,60,1024,53.0000,12778.2885,1.5660,0.0347
3,60,1024,53.0000,12778.2862,1.5660,0.0348
0,60,1024,54.0000,12596.9489,1.5437,4.8738
1,60,1024,54.0000,12210.8933,1.4964,7.7971
2,60,1024,54.0000,13233.9107,1.6218,0.0578
3,60,1024,54.0000,13235.0245,1.6219,0.0494
0,60,1024,55.0000,12381.4557,1.5173,8.1661
1,60,1024,55.0000,11842.7750,1.4513,12.1647
2,60,1024,55.0000,13478.4126,1.6518,0.0289
3,60,1024,55.0000,13479.3567,1.6519,0.0219
0,60,1024,56.0000,12310.9421,1.5087,8.8178
1,60,1024,56.0000,11799.9392,1.4461,12.6048
2,60,1024,56.0000,13494.4463,1.6537,0.0503
3,60,1024,56.0000,13492.4032,1.6535,0.0654
0,60,1024,57.0000,12430.4057,1.5233,11.0595
1,60,1024,57.0000,11894.9869,1.4577,14.8922
2,60,1024,57.0000,13966.7166,1.7116,0.0666
3,60,1024,57.0000,13970.2315,1.7120,0.0414
0,60,1024,58.0000,12516.9278,1.5339,11.9723
1,60,1024,58.0000,12015.8519,1.4725,15.4980
2,60,1024,58.0000,14211.7016,1.7416,0.0535
3,60,1024,58.0000,14215.6242,1.7421,0.0260
0,60,1024,59.0000,12370.2920,1.5160,13.0226
1,60,1024,59.0000,12265.8404,1.5032,13.7573
2,60,1024,59.0000,14211.4825,1.7416,0.0756
3,60,1024,59.0000,14215.8367,1.7421,0.0450
0,60,1024,60.0000,12356.7419,1.5143,16.0034
1,60,1024,60.0000,11915.0199,1.4602,19.0072
2,60,1024,60.0000,14707.6652,1.8024,0.0268
3,60,1024,60.0000,14706.2668,1.8022,0.0362
0,60,1024,61.0000,12338.5551,1.5121,17.5167
1,60,1024,61.0000,11909.7527,1.4595,20.3853
2,60,1024,61.0000,14944.1701,1.8314,0.0980
3,60,1024,61.0000,14949.6421,1.8321,0.0613
0,60,1024,62.0000,12204.6698,1.4957,18.3348
1,60,1024,62.0000,11695.5383,1.4333,21.7429
2,60,1024,62.0000,14938.3229,1.8307,0.0448
3,60,1024,62.0000,14937.0138,1.8305,0.0536
0,60,1024,63.0000,12449.1309,1.5256,19.4171
1,60,1024,63.0000,12172.3259,1.4917,21.2109
2,60,1024,63.0000,15438.8806,1.8920,0.0685
3,60,1024,63.0000,15442.4073,1.8925,0.0458
0,60,1024,64.0000,12717.7535,1.5585,18.9399
1,60,1024,64.0000,12119.6075,1.4852,22.7539
2,60,1024,64.0000,15679.6014,1.9215,0.0702
3,60,1024,64.0000,15681.5865,1.9218,0.0576
0,60,1024,65.0000,11599.2023,1.4215,25.9913
1,60,1024,65.0000,11280.5822,1.3824,28.0253
2,60,1024,65.0000,15659.2720,1.9190,0.0888
3,60,1024,65.0000,15668.6326,1.9202,0.0293
0,60,1024,66.0000,12574.1553,1.5410,22.2833
1,60,1024,66.0000,12096.2649,1.4824,25.2375
2,60,1024,66.0000,16161.1140,1.9805,0.1178
3,60,1024,66.0000,16175.3732,1.9823,0.0317
0,60,1024,67.0000,12598.8134,1.5440,23.3130
1,60,1024,67.0000,12058.2313,1.4777,26.6043
2,60,1024,67.0000,16423.7386,2.0127,0.0401
3,60,1024,67.0000,16419.3717,2.0122,0.0718
0,60,1024,68.0000,12436.0036,1.5240,24.1290
1,60,1024,68.0000,11863.4579,1.4539,27.6237
2,60,1024,68.0000,16378.1925,2.0071,0.0863
3,60,1024,68.0000,16384.9578,2.0080,0.0526
0,60,1024,69.0000,12322.3584,1.5101,27.1335
1,60,1024,69.0000,11875.4651,1.4553,29.7772
2,60,1024,69.0000,16897.0918,2.0707,0.0842
3,60,1024,69.0000,16908.0814,2.0721,0.0370
0,60,1024,70.0000,12286.1058,1.5057,28.4077
1,60,1024,70.0000,11727.2557,1.4372,31.6665
2,60,1024,70.0000,17141.7338,2.1007,0.1140
3,60,1024,70.0000,17157.3885,2.1026,0.0488
0,60,1024,71.0000,12074.3791,1.4797,29.4541
1,60,1024,71.0000,11738.7275,1.4386,31.4166
2,60,1024,71.0000,17103.0583,2.0960,0.0598
3,60,1024,71.0000,17106.7621,2.0964,0.0731
0,60,1024,72.0000,12324.1848,1.5103,30.1877
1,60,1024,72.0000,12337.5716,1.5120,30.1120
2,60,1024,72.0000,17632.9460,2.1609,0.1115
3,60,1024,72.0000,17645.6481,2.1625,0.0443
0,60,1024,73.0000,12724.8648,1.5594,28.8929
1,60,1024,73.0000,12396.8228,1.5192,30.7276
2,60,1024,73.0000,17877.9454,2.1909,0.0907
3,60,1024,73.0000,17873.1362,2.1903,0.1186
0,60,1024,74.0000,12196.9499,1.4947,31.6063
1,60,1024,74.0000,11674.5377,1.4307,34.5369
2,60,1024,74.0000,17808.2454,2.1824,0.1344
3,60,1024,74.0000,17822.2683,2.1841,0.0559
0,60,1024,75.0000,12256.2761,1.5020,33.3297
1,60,1024,75.0000,11867.2626,1.4543,35.4473
2,60,1024,75.0000,18374.5418,2.2518,0.0289
3,60,1024,75.0000,18363.5065,2.2504,0.0797
0,60,1024,76.0000,12087.1224,1.4813,35.1035
1,60,1024,76.0000,11777.6354,1.4433,36.7680
2,60,1024,76.0000,18595.6032,2.2789,0.1254
3,60,1024,76.0000,18576.7974,2.2766,0.1190
